lineage,gene,correlation,p_value,pct_cells
Platelet,TUBB1,0.8400873854370725,0.0,0.005776736924277908
Platelet,TMEM40,0.8376176174087894,0.0,0.0021597710122300286
Platelet,GP9,0.8051320938140026,0.0,0.004475670049440541
Platelet,ACRBP,0.7827377830749009,0.0,0.007181889149102264
Platelet,CAVIN2,0.7390757378744912,0.0,0.025344782721831903
Platelet,TREML1,0.7257301437020822,0.0,0.0030705178246161853
Platelet,PF4,0.7042561315291739,0.0,0.009523809523809525
Platelet,CMTM5,0.6972119920278864,0.0,0.004163413999479573
Platelet,PPBP,0.6963712230614221,0.0,0.010668748373666407
Platelet,AC147651.1,0.6934198644603261,0.0,0.004944054124381993
Platelet,CLEC1B,0.6557320998202388,0.0,0.002107728337236534
Platelet,GNG11,0.6272937118241918,0.0,0.015482695810564663
Platelet,CLDN5,0.6139841493151603,0.0,0.0015092375748113453
Platelet,PTCRA,0.6067351326878849,0.0,0.006479313036690086
Platelet,AP001189.1,0.5892700268433443,0.0,0.0016913869372885766
Platelet,HIST1H2BJ,0.5781534705794864,0.0,0.005542544886807182
Platelet,PDZK1IP1,0.5657213499352385,0.0,0.006115014311735624
Platelet,SPARC,0.5254067027598156,0.0,0.013348946135831381
Platelet,CTTN,0.5142213216215391,0.0,0.018293000260213375
Platelet,C2orf88,0.5003356768003914,0.0,0.01501431173562321
Platelet,MAP3K7CL,0.49911854166365677,0.0,0.015352589123080927
Platelet,CLU,0.496674667394161,0.0,0.02027062190996617
Platelet,RGS18,0.49370328533368385,0.0,0.02721831902159771
Platelet,SCN1B,0.4845164414567534,0.0,0.0024720270621909966
Platelet,LCN2,0.4607832138714315,0.0,0.006583398386677076
Platelet,HIST1H3H,0.45690353747533025,0.0,0.009784022898776997
Platelet,ESAM,0.45524938335514875,0.0,0.0031485818371064273
Platelet,MYL9,0.41494930080331593,0.0,0.002966432474629196
Platelet,SPX,0.40468780199270016,0.0,0.00195160031225605
Platelet,SMOX,0.39163336436218166,0.0,0.01035649232370544
Platelet,NRGN,0.39026035093406675,0.0,0.034738485558157686
Platelet,LGALSL,0.39004918654340787,0.0,0.002029664324746292
Platelet,C19orf33,0.38989822720350115,0.0,0.0034608378870673953
Platelet,HIST1H2AC,0.3869507538776884,0.0,0.04530314858183711
Platelet,RUFY1,0.38603482895938723,0.0,0.04166016133229248
Platelet,MPIG6B,0.385779092548111,0.0,0.0061410356492323705
Platelet,TSC22D1,0.3845985355718537,0.0,0.06055165235493104
Platelet,SMIM5,0.3753204390882065,0.0,0.01686182669789227
Platelet,AP003068.2,0.362711419891623,0.0,0.004319542024460057
Platelet,MEIS1,0.3615665980452502,0.0,0.006973718449128285
Platelet,GMPR,0.35830876279083274,0.0,0.031199583658600052
Platelet,DNM3,0.35632355309360425,0.0,0.0030965391621129326
Platelet,LINC00853,0.3521566308022194,0.0,0.002263856362217018
Platelet,MMD,0.3458707348906806,0.0,0.0453551912568306
Platelet,ITGA2B,0.3443902847676004,0.0,0.011839708561020037
Platelet,SH3BGRL2,0.33748157141356067,0.0,0.005906843611761645
Platelet,TMEM140,0.32895289926477717,0.0,0.007728337236533958
Platelet,TNNC2,0.3287722346192204,0.0,0.0034087952120739006
Platelet,ARHGAP6,0.3240903720330613,0.0,0.0025500910746812386
Platelet,TNFSF4,0.3193289362823292,0.0,0.0025500910746812386
Plasmacytoid DC,LILRA4,0.797090091209789,0.0,0.00975800156128025
Plasmacytoid DC,SCT,0.6795130188527562,0.0,0.006401249024199844
Plasmacytoid DC,SERPINF1,0.6371474476654289,0.0,0.0166016133229248
Plasmacytoid DC,TPM2,0.5831741503487579,0.0,0.01142336716107208
Plasmacytoid DC,SMPD3,0.5665660251476171,0.0,0.0061410356492323705
Plasmacytoid DC,CLEC4C,0.5281538882261577,0.0,0.00429352068696331
Plasmacytoid DC,PLD4,0.5186151321896048,0.0,0.04519906323185012
Plasmacytoid DC,IL3RA,0.48040478639633094,0.0,0.01686182669789227
Plasmacytoid DC,PROC,0.46657165592057825,0.0,0.0038771792870153526
Plasmacytoid DC,SHD,0.46012350397350155,0.0,0.003981264637002342
Plasmacytoid DC,DERL3,0.45211379780541106,0.0,0.029300026021337498
Plasmacytoid DC,PTCRA,0.44742224113020934,0.0,0.006479313036690086
Plasmacytoid DC,ITM2C,0.44489124726575674,0.0,0.09245381212594328
Plasmacytoid DC,JCHAIN,0.43752784403229594,0.0,0.0750975800156128
Plasmacytoid DC,UGCG,0.4350901293634857,0.0,0.043429612282071296
Plasmacytoid DC,LRRC26,0.4209156781669286,0.0,0.0056726515742909185
Plasmacytoid DC,IRF7,0.41827629291084023,0.0,0.06422066094197242
Plasmacytoid DC,ASIP,0.413532964779362,0.0,0.00195160031225605
Plasmacytoid DC,CCDC50,0.4117080454107354,0.0,0.05990111891751236
Plasmacytoid DC,AC097375.1,0.3985353579978891,0.0,0.001327088212334114
Plasmacytoid DC,SCN9A,0.3836718675350131,0.0,0.00663544106167057
Plasmacytoid DC,PPP1R14B,0.375525374674408,0.0,0.05875618006765548
Plasmacytoid DC,TCF4,0.3730869338873612,0.0,0.07397866250325266
Plasmacytoid DC,MAP1A,0.370626188261341,0.0,0.00936768149882904
Plasmacytoid DC,AC119428.2,0.3701487012726278,0.0,0.0062971636742128545
Plasmacytoid DC,GAS6,0.36996260637055967,0.0,0.012256049960967994
Plasmacytoid DC,APP,0.3693607353149397,0.0,0.06533957845433255
Plasmacytoid DC,LILRB4,0.35186059675258374,0.0,0.02430392922196201
Plasmacytoid DC,SCAMP5,0.3470645906412596,0.0,0.0017694509497788186
Plasmacytoid DC,IRF8,0.34542548891504105,0.0,0.08495966692688005
Plasmacytoid DC,LGMN,0.34264128467857025,0.0,0.016627634660421546
Plasmacytoid DC,PPM1J,0.3408254705619181,0.0,0.0037210512620348686
Plasmacytoid DC,TNFRSF21,0.32066502330187,0.0,0.01717408274785324
Plasmacytoid DC,PACSIN1,0.3149748094973621,0.0,0.0019776216497527973
Plasmacytoid DC,MZB1,0.3116789921102112,0.0,0.0648191517043976
Plasmacytoid DC,AL096865.1,0.31095342758720423,0.0,0.004085349986989332
Plasmacytoid DC,IRF4,0.3108865326966625,0.0,0.024121779859484778
Plasmacytoid DC,PHEX,0.3074579469810235,0.0,0.0018995576372625553
Plasmacytoid DC,DNASE1L3,0.30520288625728087,0.0,0.006375227686703097
Plasmacytoid DC,FCER1A,0.30015160236460275,0.0,0.02529274004683841
Plasmacytoid DC,LINC00996,0.29060304358864175,0.0,0.004241478011969816
Plasmacytoid DC,RASD1,0.28956026570639987,0.0,0.007129846474108769
Plasmacytoid DC,ZFAT,0.2887434317602284,0.0,0.007832422586520947
Plasmacytoid DC,KCNK17,0.28235367365532626,0.0,0.003200624512099922
Plasmacytoid DC,SLC15A4,0.280564831442348,0.0,0.031563882383554516
Plasmacytoid DC,TGFBI,0.27471617827947814,0.0,0.04923237054384595
Plasmacytoid DC,PTPRS,0.27439859544983314,0.0,0.0020036429872495446
Plasmacytoid DC,NOTCH4,0.2726268727996532,0.0,0.004501691386937289
Plasmacytoid DC,RHEX,0.2713383726313747,0.0,0.005724694249284413
Plasmacytoid DC,BCL11A,0.2694646728201355,0.0,0.10863908404892011
Pre-B large,IGLL1,0.6736548054132301,0.0,0.05238095238095238
Pre-B large,VPREB1,0.5447408664861547,0.0,0.028311215196461098
Pre-B large,UHRF1,0.5308470308045672,0.0,0.04644808743169399
Pre-B large,STMN1,0.47154053001568236,0.0,0.17429091855321363
Pre-B large,TYMS,0.45513476247278084,0.0,0.07390059849076243
Pre-B large,NUSAP1,0.4383625963048326,0.0,0.052276867030965395
Pre-B large,MKI67,0.41805791145111293,0.0,0.04660421545667447
Pre-B large,CDCA7,0.3961377972159335,0.0,0.04022898776997138
Pre-B large,PCLAF,0.38611098685910206,0.0,0.09193338537600833
Pre-B large,AURKB,0.3776589638413959,0.0,0.03198022378350247
Pre-B large,PIMREG,0.37749108617705274,0.0,0.004007285974499089
Pre-B large,DNTT,0.36391430281952775,0.0,0.01735623211033047
Pre-B large,ASF1B,0.35968592922570775,0.0,0.03203226645849597
Pre-B large,ZWINT,0.3572029989253084,0.0,0.05534738485558158
Pre-B large,TOP2A,0.353640978659996,0.0,0.04735883424408015
Pre-B large,TUBB,0.35165232272252894,0.0,0.23434816549570647
Pre-B large,PCNA,0.3477910794611291,0.0,0.10759823054905022
Pre-B large,PHGDH,0.3463950392092594,0.0,0.03218839448347645
Pre-B large,FAM111B,0.34134718387682006,0.0,0.014962269060629717
Pre-B large,TUBA1B,0.34072387043809,0.0,0.3129846474108769
Pre-B large,SOX4,0.3388367438037916,0.0,0.11199583658600053
Pre-B large,CLSPN,0.3387333417778451,0.0,0.03793911007025761
Pre-B large,UBE2C,0.3370239084101969,0.0,0.04402810304449649
Pre-B large,RRM2,0.3351709902144023,0.0,0.04028103044496487
Pre-B large,CD24,0.3347530590546781,0.0,0.05162633359354671
Pre-B large,SMC4,0.33342394330889175,0.0,0.08943533697632058
Pre-B large,SPC25,0.332738279118937,0.0,0.024225865209471766
Pre-B large,CDCA5,0.3303072548026268,0.0,0.03101743429612282
Pre-B large,CENPF,0.3279699703408044,0.0,0.05071558678116055
Pre-B large,BIRC5,0.3271021421580415,0.0,0.05407233931824096
Pre-B large,CDT1,0.32132949685071094,0.0,0.05160031225604996
Pre-B large,TMSB15A,0.319834640047229,0.0,0.00351288056206089
Pre-B large,HIST1H4C,0.3172438416220942,0.0,0.14147801196981524
Pre-B large,GINS2,0.31330086516474737,0.0,0.04514702055685662
Pre-B large,RAD51AP1,0.31110668478911463,0.0,0.043273484257090815
Pre-B large,TK1,0.3083458584732406,0.0,0.052354931043455635
Pre-B large,MCM7,0.3080647789464287,0.0,0.09138693728857664
Pre-B large,CMTM8,0.30586811733912245,0.0,0.02505854800936768
Pre-B large,CFAP73,0.30105273338537447,0.0,0.009185532136351808
Pre-B large,E2F2,0.3010050325430094,0.0,0.011527452511059069
Pre-B large,CENPU,0.29662996107739525,0.0,0.06167056986729118
Pre-B large,VPREB3,0.29441728860506083,0.0,0.08253968253968254
Pre-B large,MAD2L1,0.29426652948843274,0.0,0.07564402810304449
Pre-B large,NREP,0.29216549571635503,0.0,0.04795732500650533
Pre-B large,H2AFZ,0.29087142069782307,0.0,0.32466822794691647
Pre-B large,PDLIM1,0.2891509278317172,0.0,0.07889669529013792
Pre-B large,FABP5,0.285547289402342,0.0,0.10309653916211294
Pre-B large,CRNDE,0.28262005482655156,0.0,0.01366120218579235
Pre-B large,HELLS,0.2813181254294438,0.0,0.050871714806141034
Pre-B large,NASP,0.27739963134457146,0.0,0.14561540463179806
Erythroid late,AHSP,0.6215574305259575,0.0,0.06416861826697892
Erythroid late,CA1,0.5653172636275189,0.0,0.05644028103044497
Erythroid late,HBB,0.563153693626935,0.0,0.29018995576372625
Erythroid late,HBA1,0.5415371448359398,0.0,0.15209471766848817
Erythroid late,HBD,0.5079756416513764,0.0,0.05969294821753838
Erythroid late,FAM178B,0.46808563692402283,0.0,0.042492844132188394
Erythroid late,HBA2,0.4660676728514952,0.0,0.13421805880822274
Erythroid late,BLVRB,0.44823498730704425,0.0,0.1498048399687744
Erythroid late,PRDX2,0.43423092310748806,0.0,0.25818371064272705
Erythroid late,CA2,0.3981950085034832,0.0,0.04694249284413219
Erythroid late,APOC1,0.39216848288534784,0.0,0.043273484257090815
Erythroid late,GYPA,0.3760901081350803,0.0,0.03296903460837887
Erythroid late,SMIM1,0.37475577172487284,0.0,0.04582357533177205
Erythroid late,KLF1,0.37224031117340145,0.0,0.03937028363257872
Erythroid late,PCLAF,0.3680918653529642,0.0,0.09193338537600833
Erythroid late,MYL4,0.3669317707034791,0.0,0.03970856102003643
Erythroid late,KCNH2,0.3604762187100795,0.0,0.038459536820192555
Erythroid late,HMBS,0.3537448369673813,0.0,0.06164454852979443
Erythroid late,HBQ1,0.351575847361863,0.0,0.03442622950819672
Erythroid late,SYNGR1,0.3338458079891319,0.0,0.09182930002602134
Erythroid late,GATA1,0.33356831074690735,0.0,0.03856362217017955
Erythroid late,UROD,0.33082684962980097,0.0,0.10080666146239917
Erythroid late,TUBB,0.32795021254281165,0.0,0.23434816549570647
Erythroid late,ALAS2,0.3273630762725776,0.0,0.03143377569607078
Erythroid late,AKR1C3,0.32244943798137415,0.0,0.06484517304189436
Erythroid late,HBM,0.3188192501416931,0.0,0.02721831902159771
Erythroid late,FECH,0.3182775393969345,0.0,0.05201665365599792
Erythroid late,TUBA1B,0.31347542369759973,0.0,0.3129846474108769
Erythroid late,EPCAM,0.308439621576567,0.0,0.03492063492063492
Erythroid late,CKS2,0.30810833206127786,0.0,0.08274785323965651
Erythroid late,TMEM14C,0.3036934714650364,0.0,0.15003903200624513
Erythroid late,CNRIP1,0.30145798942133456,0.0,0.03502472027062191
Erythroid late,ATP5IF1,0.3009497477768396,0.0,0.37395264116575594
Erythroid late,NME4,0.2990733959599293,0.0,0.12664584959666927
Erythroid late,REXO2,0.29376233800244433,0.0,0.11720010408534999
Erythroid late,HMGN5,0.29263280501762295,0.0,0.06036950299245381
Erythroid late,GYPB,0.2868357993060645,0.0,0.024824355971896955
Erythroid late,TYMS,0.27978244839313426,0.0,0.07390059849076243
Erythroid late,BIRC5,0.27968923607867924,0.0,0.05407233931824096
Erythroid late,RFESD,0.27758613979537045,0.0,0.03429612282071298
Erythroid late,HSPD1,0.27662422558413025,0.0,0.17077803799115274
Erythroid late,LINC01133,0.27653636774855844,0.0,0.021831902159771013
Erythroid late,ALDH1A1,0.2756231116894571,0.0,0.0546448087431694
Erythroid late,HEMGN,0.27346300671182394,0.0,0.03721051262034868
Erythroid late,SNCA,0.2672362590510799,0.0,0.0585480093676815
Erythroid late,HMGA1,0.265438415448403,0.0,0.18501170960187355
Erythroid late,CDC20,0.2637137757337464,0.0,0.03669008587041374
Erythroid late,UBAC1,0.2618373854761251,0.0,0.0638303408795212
Erythroid late,HEBP1,0.25411916043545074,0.0,0.07634660421545668
Erythroid late,TUBG1,0.25383260267999874,0.0,0.04236273744470466
Erythroid early,FAM178B,0.7917869333510819,0.0,0.042492844132188394
Erythroid early,KCNH2,0.7914672432232683,0.0,0.038459536820192555
Erythroid early,KLF1,0.790799928753581,0.0,0.03937028363257872
Erythroid early,AHSP,0.7849891547956032,0.0,0.06416861826697892
Erythroid early,RHAG,0.7746122801945717,0.0,0.030705178246161854
Erythroid early,EPCAM,0.758324296810839,0.0,0.03492063492063492
Erythroid early,CA2,0.7416575261778369,0.0,0.04694249284413219
Erythroid early,CA1,0.7404694513452744,0.0,0.05644028103044497
Erythroid early,PKLR,0.7353778150988779,0.0,0.02797293780900338
Erythroid early,GYPA,0.7297710884803562,0.0,0.03296903460837887
Erythroid early,HBD,0.7285843001518185,0.0,0.05969294821753838
Erythroid early,GATA1,0.7219912376522813,0.0,0.03856362217017955
Erythroid early,APOC1,0.7159082652271942,0.0,0.043273484257090815
Erythroid early,ALAS2,0.708533425861708,0.0,0.03143377569607078
Erythroid early,HBQ1,0.7023249650090148,0.0,0.03442622950819672
Erythroid early,TFR2,0.69511532482671,0.0,0.03424408014571949
Erythroid early,TMEM56,0.688941634807518,0.0,0.02651574290918553
Erythroid early,HBB,0.6886137192055123,0.0,0.29018995576372625
Erythroid early,SPTA1,0.6748933171073453,0.0,0.029143897996357013
Erythroid early,MYL4,0.6697473832579068,0.0,0.03970856102003643
Erythroid early,SMIM1,0.6649445530097867,0.0,0.04582357533177205
Erythroid early,CNRIP1,0.6648457397670157,0.0,0.03502472027062191
Erythroid early,EPB42,0.6645537073092087,0.0,0.024798334634400208
Erythroid early,HBA1,0.6609947177302977,0.0,0.15209471766848817
Erythroid early,HMBS,0.6598567803630709,0.0,0.06164454852979443
Erythroid early,ANK1,0.6514357058215101,0.0,0.029976580796252927
Erythroid early,GFI1B,0.6421476537303337,0.0,0.03278688524590164
Erythroid early,NFIA,0.6289821571207784,0.0,0.04499089253187614
Erythroid early,BLVRB,0.6255706361037369,0.0,0.1498048399687744
Erythroid early,FECH,0.6211904466416989,0.0,0.05201665365599792
Erythroid early,MBOAT2,0.6181690099091542,0.0,0.039552432995055946
Erythroid early,SELENBP1,0.6163648061748633,0.0,0.026099401509237573
Erythroid early,RFESD,0.6144364213098152,0.0,0.03429612282071298
Erythroid early,MINPP1,0.6131424647333,0.0,0.04207650273224044
Erythroid early,CTSE,0.6101868858469915,0.0,0.01883944834764507
Erythroid early,ADD2,0.6101684822092173,0.0,0.030523028883684623
Erythroid early,HBA2,0.6093863056669615,0.0,0.13421805880822274
Erythroid early,GYPB,0.6071798774756478,0.0,0.024824355971896955
Erythroid early,SYNGR1,0.6024201910289445,0.0,0.09182930002602134
Erythroid early,PCLAF,0.5944285795410034,0.0,0.09193338537600833
Erythroid early,FHL2,0.5923225136533917,0.0,0.03083528493364559
Erythroid early,SMIM10,0.591303166802367,0.0,0.03309914129586261
Erythroid early,UROD,0.5911519166419642,0.0,0.10080666146239917
Erythroid early,SLC25A21,0.5885824378068916,0.0,0.020999219359875098
Erythroid early,SNCA,0.5850961011309822,0.0,0.0585480093676815
Erythroid early,UBAC1,0.5824772402239509,0.0,0.0638303408795212
Erythroid early,TUBG1,0.576448404823224,0.0,0.04236273744470466
Erythroid early,CCNB2,0.574796552048644,0.0,0.044938849856882644
Erythroid early,TMEM14C,0.5740592860928632,0.0,0.15003903200624513
Erythroid early,LXN,0.573362678025449,0.0,0.039162112932604735
B naive,IGHM,0.8608221863239889,0.0,0.1791569086651054
B naive,CD79A,0.851330048159896,0.0,0.16078584439240176
B naive,MS4A1,0.707870661982176,0.0,0.1009888108248764
B naive,IGHD,0.6932771748546941,0.0,0.10067655477491542
B naive,CD74,0.6925360967013028,0.0,0.570335675253708
B naive,HLA-DRA,0.6896586268094731,0.0,0.39518605256310174
B naive,CD79B,0.6752207830130724,0.0,0.15178246161852718
B naive,IGKC,0.630269975814214,0.0,0.28672911787665883
B naive,HLA-DQB1,0.6228384848238209,0.0,0.25290137913088734
B naive,HLA-DPB1,0.6095573647810236,0.0,0.37913088732760863
B naive,HLA-DPA1,0.6066004712843528,0.0,0.32922196200884724
B naive,HLA-DRB1,0.5867696549104262,0.0,0.35477491543065315
B naive,TCL1A,0.5802586003891489,0.0,0.0834504293520687
B naive,HLA-DQA1,0.5728770203814648,0.0,0.1476710902940411
B naive,LINC00926,0.5634950018700441,0.0,0.06364819151704397
B naive,VPREB3,0.5578168496005116,0.0,0.08253968253968254
B naive,CD37,0.5226343568142021,0.0,0.5897475930262815
B naive,IGLC2,0.5176017860525544,0.0,0.131511839708561
B naive,TNFRSF13C,0.5089221022582757,0.0,0.060811865729898516
B naive,BANK1,0.5025138651687626,0.0,0.06128024980483997
B naive,FCER2,0.4751206872903216,0.0,0.046344002081707
B naive,HLA-DMB,0.4553404854390041,0.0,0.13968253968253969
B naive,HLA-DMA,0.4437859474897508,0.0,0.23338537600832682
B naive,MEF2C,0.4377782053317901,0.0,0.14879000780640125
B naive,RALGPS2,0.42841697698791287,0.0,0.05896435076762946
B naive,IGLC3,0.4256504195275393,0.0,0.06814988290398126
B naive,FAM129C,0.4203749693002662,0.0,0.05297944314337757
B naive,P2RX5,0.41942418511067875,0.0,0.05667447306791569
B naive,ADAM28,0.4159207108557793,0.0,0.053317720530835284
B naive,CD22,0.40913158274992595,0.0,0.0448607858443924
B naive,FCRLA,0.40433825518334743,0.0,0.03866770752016654
B naive,CD24,0.4037732113817043,0.0,0.05162633359354671
B naive,CD83,0.3991685354723277,0.0,0.09724173822534478
B naive,JCHAIN,0.3838762101460286,0.0,0.0750975800156128
B naive,BLK,0.3762802632884415,0.0,0.03653395784543326
B naive,ARHGAP24,0.37358784255007943,0.0,0.03963049700754619
B naive,HVCN1,0.36722698138603604,0.0,0.05438459536820193
B naive,PLPP5,0.36487541162914516,0.0,0.07723132969034609
B naive,LAPTM5,0.35879861631778165,0.0,0.6696851418162894
B naive,GNG7,0.34870623804245937,0.0,0.058912308092635965
B naive,MARCH1,0.34579787839021464,0.0,0.06528753577933906
B naive,BIRC3,0.3430704270283147,0.0,0.16174863387978142
B naive,SPIB,0.33957678690952275,0.0,0.04189435336976321
B naive,BCL11A,0.33727158357519754,0.0,0.10863908404892011
B naive,HLA-DOB,0.3364639056984848,0.0,0.026073380171740827
B naive,FCRL1,0.3338123635842815,0.0,0.022222222222222223
B naive,LINC01781,0.3325865124998759,0.0,0.023054905022118138
B naive,AFF3,0.33078817537895566,0.0,0.04530314858183711
B naive,CD19,0.3283707748852029,0.0,0.028831641946396046
B naive,TCOF1,0.3261750613137046,0.0,0.14296122820712984
Monocyte classical,LYZ,0.9613207685063728,0.0,0.23070517824616185
Monocyte classical,S100A9,0.9123404707539332,0.0,0.2195160031225605
Monocyte classical,S100A8,0.8866213023194109,0.0,0.2077543585740307
Monocyte classical,CST3,0.8836669038538035,0.0,0.24806141035649232
Monocyte classical,CSTA,0.857617431428031,0.0,0.1591465001301067
Monocyte classical,FCN1,0.8481256827137595,0.0,0.15602393963049702
Monocyte classical,LST1,0.8395132640818758,0.0,0.22414780119698152
Monocyte classical,TYROBP,0.7872343084245939,0.0,0.27137652875357793
Monocyte classical,LGALS1,0.7853681271311835,0.0,0.3207129846474109
Monocyte classical,S100A12,0.7694122229219792,0.0,0.1345823575331772
Monocyte classical,AIF1,0.7569829305798635,0.0,0.2829820452771272
Monocyte classical,VCAN,0.7388236939317193,0.0,0.12282071298464742
Monocyte classical,FTL,0.6971800311667352,0.0,0.953343741868332
Monocyte classical,CFD,0.6962619678582483,0.0,0.13642987249544627
Monocyte classical,MNDA,0.6957492099362607,0.0,0.12118136872235233
Monocyte classical,TYMP,0.6853502842973794,0.0,0.18758782201405153
Monocyte classical,S100A11,0.6790126323511114,0.0,0.23520686963309914
Monocyte classical,FCER1G,0.6706591770195143,0.0,0.21282851938589645
Monocyte classical,SERPINA1,0.6589851061349853,0.0,0.10137913088732761
Monocyte classical,NAMPT,0.6574190625246807,0.0,0.16981524850377308
Monocyte classical,CTSS,0.6490503345467872,0.0,0.31371324486078583
Monocyte classical,PSAP,0.6429215548683309,0.0,0.33361956804579757
Monocyte classical,NEAT1,0.6230669702389513,0.0,0.4818110850897736
Monocyte classical,S100A6,0.612875802969799,0.0,0.7235232890970595
Monocyte classical,CD14,0.6114408622150269,0.0,0.08678116055165236
Monocyte classical,SRGN,0.6101112021333753,0.0,0.5944834764506896
Monocyte classical,MS4A6A,0.6084844622660661,0.0,0.0994015092375748
Monocyte classical,SPI1,0.604266690328652,0.0,0.14015092375748114
Monocyte classical,CLEC7A,0.6019994881371248,0.0,0.08753577933905803
Monocyte classical,AC020656.1,0.5970575339219524,0.0,0.09830861306271142
Monocyte classical,CFP,0.5940021762153048,0.0,0.10395524329950559
Monocyte classical,FOS,0.5855475154393349,0.0,0.4708040593286495
Monocyte classical,GRN,0.576282277238511,0.0,0.15284933645589383
Monocyte classical,STXBP2,0.5756299135941685,0.0,0.20627114233671612
Monocyte classical,S100A4,0.5735260666688679,0.0,0.6597449908925319
Monocyte classical,SAT1,0.5722663768836824,0.0,0.43492063492063493
Monocyte classical,PLAUR,0.5690371318028076,0.0,0.09084048920114494
Monocyte classical,TSPO,0.5687620503412312,0.0,0.41925578974759303
Monocyte classical,AP1S2,0.5649446207301952,0.0,0.22209211553473848
Monocyte classical,COTL1,0.5605593212403326,0.0,0.3695550351288056
Monocyte classical,TNFSF13B,0.5559942351507778,0.0,0.10171740827478533
Monocyte classical,VIM,0.5373463299748094,0.0,0.5444184231069477
Monocyte classical,KLF4,0.5357465457783597,0.0,0.08233151183970856
Monocyte classical,LGALS2,0.5257640252995103,0.0,0.0669008587041374
Monocyte classical,RAB31,0.5252661328473776,0.0,0.08058808222742649
Monocyte classical,PYCARD,0.5197620399198088,0.0,0.18849856882643767
Monocyte classical,CEBPD,0.5165423205276773,0.0,0.09786625032526672
Monocyte classical,GSTP1,0.5162002624944281,0.0,0.4134009888108249
Monocyte classical,CD68,0.5130066390849032,0.0,0.08469945355191257
Monocyte classical,TKT,0.5112797115984927,0.0,0.2716887848035389
NK,IL32,0.6764511125419987,0.0,0.4115794951860526
NK,CD3D,0.6227815666858865,0.0,0.37395264116575594
NK,CD3E,0.5953400275941584,0.0,0.3477231329690346
NK,TRAC,0.5733081815624055,0.0,0.3495186052563102
NK,CD7,0.526003687649123,0.0,0.2960447567004944
NK,B2M,0.48791817233090506,0.0,0.9928701535258913
NK,MALAT1,0.47156657383217265,0.0,0.9856622430392922
NK,CCL5,0.4694881628782449,0.0,0.22870153525891232
NK,TRBC1,0.46423806546439556,0.0,0.24119177725735103
NK,TRBC2,0.451892538816256,0.0,0.32349726775956283
NK,LEPROTL1,0.441795455737162,0.0,0.38412698412698415
NK,RPS29,0.43727681049104367,0.0,0.9913088732760864
NK,RPS27,0.43351347407382335,0.0,0.9975019516003123
NK,GZMM,0.4324472635709157,0.0,0.1979703356752537
NK,HLA-C,0.42896478418488765,0.0,0.8600312256049961
NK,NKG7,0.4277778765732751,0.0,0.23825136612021858
NK,CTSW,0.426388870845909,0.0,0.23304709862086911
NK,LCK,0.41995388156134694,0.0,0.21790268019776216
NK,IL7R,0.415119578971853,0.0,0.22674993494665627
NK,CD3G,0.41356288327756147,0.0,0.20426749934946656
NK,SARAF,0.411603136041056,0.0,0.7027582617746552
NK,CD2,0.41116286797435303,0.0,0.20426749934946656
NK,HLA-A,0.4050805480443655,0.0,0.8941712204007286
NK,CST7,0.4028722648802594,0.0,0.18732760863908404
NK,GZMA,0.3989721647607604,0.0,0.15430653135571168
NK,CD247,0.39060445926179066,0.0,0.16997137652875358
NK,RPL31,0.3855946456102703,0.0,0.9765807962529274
NK,RARRES3,0.3729147178266605,0.0,0.2809263596148842
NK,KLRB1,0.372424236318179,0.0,0.14894613583138172
NK,EVL,0.3700175033132584,0.0,0.38571428571428573
NK,RPS3,0.3595592273081217,0.0,0.9830861306271143
NK,RPL30,0.35731259336929644,0.0,0.9771012230028624
NK,DUSP2,0.35593224756441905,0.0,0.20218579234972678
NK,LAT,0.3556823170468315,0.0,0.17106427270361696
NK,RPS15A,0.3545954233109428,0.0,0.9916211293260474
NK,GNLY,0.35349324636214985,0.0,0.13637782982045277
NK,HCST,0.3496700274416163,0.0,0.519255789747593
NK,RPL3,0.3454479476947923,0.0,0.9820712984647411
NK,RPL23A,0.344388072354175,0.0,0.9803018475149623
NK,HLA-B,0.3431613030207046,0.0,0.9262295081967213
NK,PIK3IP1,0.34233991394678653,0.0,0.23588342440801457
NK,RPS27A,0.3385573277996473,0.0,0.9910226385636222
NK,JUNB,0.3378983322605667,0.0,0.6897736143637783
NK,ZFP36L2,0.33268111150285945,0.0,0.5900598490762425
NK,RORA,0.3290696278640267,0.0,0.14218058808222742
NK,RPS14,0.32031476738445025,0.0,0.9940931563882384
NK,CMC1,0.3194322552690281,0.0,0.16505334374186834
NK,GZMH,0.31684891567782725,0.0,0.09898516783762686
NK,IFITM1,0.314099622089343,0.0,0.14272703616965912
NK,GIMAP7,0.31250742709019097,0.0,0.13871975019516003
