donor,resource,source,target,ligand_complex,receptor_complex,lr_means,cellphone_pvals,expr_prod,scaled_weight,lr_logfc,spec_weight,lrscore,specificity_rank,magnitude_rank
MantonBM1,consensus,CD8 T cytotoxic,NK,B2M,KLRD1,3.6423383,0.0,9.975159,2.0037874307043215,1.9125067022358744,0.03301131,0.97384185,0.022110410207889446,3.906792348999894e-07
MantonBM1,consensus,NK,NK,B2M,KLRD1,3.5727143,0.0,9.7206,1.9214434287360067,1.825359014607555,0.032168884,0.97351056,0.022110410207889446,6.945087954406065e-07
MantonBM1,consensus,CD8 T memory,NK,B2M,KLRD1,3.5609941,0.0,9.677749,1.9075791822652326,1.8510693408619598,0.032027073,0.9734535,0.022110410207889446,1.0851196463050427e-06
MantonBM1,consensus,CD4 T memory,NK,B2M,KLRD1,3.4593098,0.0,9.305971,1.787317617148858,1.6774353538835358,0.03079673,0.97294265,0.022110410207889446,1.5624998352789726e-06
MantonBM1,consensus,Pre-B large,Pre-B large,HMGB1,CXCR4,3.3843164,0.0,10.876474,1.484172715301411,1.9139219167252923,0.015088254,0.97492135,0.046119337558046355,2.7775205640048613e-06
MantonBM1,consensus,Plasmacytoid DC,NK,B2M,KLRD1,3.330633,0.0,8.835503,1.6351306549007607,1.4567803188658366,0.029239789,0.97225136,0.022110410207889446,6.248262506548008e-06
MantonBM1,consensus,Monocyte non-classical,NK,B2M,KLRD1,3.3213413,0.0,8.801531,1.624141791946835,1.5125014320009798,0.029127361,0.9721993,0.022110410207889446,7.332691362392308e-06
MantonBM1,consensus,CD8 T cytotoxic,CD8 T cytotoxic,B2M,KLRD1,3.5156572,0.0,8.592668,1.7860128598294551,1.6975791439245926,0.02843616,0.9718729,0.022110410207889446,9.761552719271095e-06
MantonBM1,consensus,CD4 T naive,NK,B2M,KLRD1,3.2439058,0.0,8.518412,1.532559071824833,1.3370227244714101,0.028190423,0.9717541,0.022110410207889446,1.2537012391102567e-05
MantonBM1,consensus,NK,CD8 T cytotoxic,B2M,KLRD1,3.4460332,0.0,8.373388,1.7036688578611403,1.6104314562962732,0.02771049,0.97151744,0.022110410207889446,1.5658968289821216e-05
MantonBM1,consensus,CD8 T memory,CD8 T cytotoxic,B2M,KLRD1,3.434313,0.0,8.336476,1.6898046113903662,1.636141782550678,0.027588334,0.9714562,0.022110410207889446,1.734985298870401e-05
MantonBM1,consensus,CD8 T cytotoxic,CD8 T cytotoxic,HLA-B,CD3D,3.163404,0.0,9.198181,1.105546466519518,1.3385020845814775,0.024293715,0.9727889,0.022110410207889446,2.4979155349648977e-05
MantonBM1,consensus,Pre-B small,NK,B2M,KLRD1,3.1401365,0.0,8.139011,1.4098301488323974,1.2022496374551581,0.026934851,0.971122,0.022110410207889446,2.7102861524508118e-05
MantonBM1,consensus,CD4 T memory,CD8 T cytotoxic,B2M,KLRD1,3.3326287,0.0,8.016225,1.5695430462739917,1.462507795572254,0.026528506,0.9709081,0.022110410207889446,2.931309958771448e-05
MantonBM1,consensus,Monocyte classical,NK,B2M,KLRD1,3.1287174,0.0,8.09726,1.3963230334059027,1.232206164720536,0.026796684,0.9710498,0.022110410207889446,3.3993104537819974e-05
MantonBM1,consensus,Dendritic cell,NK,B2M,KLRD1,3.1239498,0.0,8.079829,1.390684749112002,1.1713257929304572,0.026738998,0.9710195,0.022110410207889446,3.9019072839235586e-05
MantonBM1,consensus,Monocyte classical,NK,S100A9,ITGB2,3.3312554,0.0,7.709075,2.088955605225639,3.813923144910843,0.065264665,0.9703512,0.002385413435610342,4.439092571935157e-05
MantonBM1,consensus,CD8 T memory,CD8 T cytotoxic,HLA-B,CD3D,3.0985808,0.0,8.904665,1.041112388885171,1.307526714292619,0.023518493,0.9723563,0.022110410207889446,5.0108544612075356e-05
MantonBM1,consensus,Plasmacytoid DC,CD8 T cytotoxic,B2M,KLRD1,3.2039518,0.0,7.6109605,1.4173560840258943,1.2418527605545548,0.025187347,0.9701664,0.022110410207889446,5.0108544612075356e-05
MantonBM1,consensus,Monocyte non-classical,CD8 T cytotoxic,B2M,KLRD1,3.1946602,0.0,7.5816965,1.4063672210719687,1.297573873689698,0.0250905,0.9701106,0.022110410207889446,5.309698942761255e-05
MantonBM1,consensus,Monocyte classical,Dendritic cell,S100A9,ITGB2,3.3131762,0.0,7.5220647,2.067081531630742,3.5271333417669783,0.063681446,0.9699959,0.002689000669637597,5.6171841740805145e-05
MantonBM1,consensus,Monocyte classical,NK,S100A8,ITGB2,3.252508,0.0,7.4743204,2.0658034054139587,3.6870277009703716,0.07115738,0.9699031,0.0015560010739514415,5.9333089490306986e-05
MantonBM1,consensus,B naive,NK,B2M,KLRD1,3.0611167,0.0,7.850099,1.31637136596663,1.0745335105960376,0.02597874,0.97061086,0.022110410207889446,6.933508474320707e-05
MantonBM1,consensus,CD4 T naive,CD8 T cytotoxic,B2M,KLRD1,3.1172247,0.0,7.3378158,1.3147845009499666,1.1220951661601284,0.024283415,0.9696329,0.022110410207889446,7.284179362448491e-05
MantonBM1,consensus,Monocyte classical,Dendritic cell,S100A8,ITGB2,3.2344286,0.0,7.293005,2.043929331819062,3.400237897826507,0.06943121,0.9695426,0.0018246331083881953,8.01142047144306e-05
MantonBM1,consensus,NK,CD8 T cytotoxic,HLA-B,CD3D,3.030285,0.0,8.595421,0.9732271464934776,1.1666444810447518,0.022701737,0.97187734,0.022110410207889446,8.387988280040622e-05
MantonBM1,consensus,Monocyte classical,CD8 T cytotoxic,S100A9,ITGB2,3.271445,0.0,7.090402,2.0165915821752454,3.6276866373762595,0.060027007,0.96912384,0.0035800080057710962,0.00011265532444198407
MantonBM1,consensus,CD8 T cytotoxic,CD8 T memory,HLA-B,CD3D,2.9994125,0.0,7.8656487,0.9586478918615824,1.2179135836371051,0.020774305,0.9706391,0.022110410207889446,0.00012165300613235491
MantonBM1,consensus,Pre-B small,CD8 T cytotoxic,B2M,KLRD1,3.0134554,0.0,7.0109973,1.192055577957531,0.9873220791438764,0.023201859,0.9689549,0.022110410207889446,0.00013099543460383354
MantonBM1,consensus,Monocyte classical,CD8 T cytotoxic,B2M,KLRD1,3.0020363,0.0,6.9750333,1.1785484625310363,1.0172786064092543,0.02308284,0.9688775,0.022110410207889446,0.00013579590427628498
MantonBM1,consensus,Dendritic cell,CD8 T cytotoxic,B2M,KLRD1,2.9972687,0.0,6.960018,1.1729101782371356,0.9563982346191755,0.023033148,0.96884495,0.022110410207889446,0.00014068252815808307
MantonBM1,consensus,Monocyte classical,CD8 T cytotoxic,S100A8,ITGB2,3.1926975,0.0,6.874487,1.9934393823635652,3.5007911934357883,0.06544682,0.9686578,0.0023581673746878203,0.0001718108344097679
MantonBM1,consensus,CD8 T cytotoxic,NK,HLA-B,KLRD1,2.9454567,0.0,7.4272237,1.9317738071727175,1.9075134005363865,0.036581635,0.9698107,0.022110410207889446,0.00019428459499398244
MantonBM1,consensus,CD8 T memory,CD8 T memory,HLA-B,CD3D,2.9345896,0.0,7.614653,0.8942138142272353,1.1869382133482467,0.02011139,0.9701734,0.022110410207889446,0.00020603765273871042
MantonBM1,consensus,Plasmacytoid DC,Dendritic cell,APP,CD74,2.980818,0.0,6.641003,2.5264356886666093,2.256662515377963,0.05090583,0.96812904,0.0069624255710721665,0.00020603765273871042
MantonBM1,consensus,B naive,CD8 T cytotoxic,B2M,KLRD1,2.9344356,0.0,6.762127,1.0985967950917637,0.8596059522847559,0.022378258,0.9684067,0.022110410207889446,0.0002120432040359681
MantonBM1,consensus,Plasmacytoid DC,B naive,APP,CD74,2.9613383,0.0,6.583237,2.515433613377123,2.6751726514765704,0.05046303,0.967994,0.007241724482100579,0.00022431221064415655
MantonBM1,consensus,CD4 T memory,CD8 T cytotoxic,HLA-B,CD3D,2.920205,0.0,8.096982,0.8638091850316549,0.9979993302017824,0.021385288,0.9710493,0.022110410207889446,0.0002433603778941505
MantonBM1,consensus,CD8 T cytotoxic,CD4 T memory,HLA-B,CD3D,2.912195,0.0,7.1569505,0.8805205973858807,0.9994824329752827,0.01890253,0.9692633,0.022110410207889446,0.00026318191397208744
MantonBM1,consensus,Monocyte classical,Erythroid early,S100A9,CD36,3.2118728,0.0,6.474192,2.528245245220973,3.727839460253684,0.09619377,0.9677342,0.0003284805346290765,0.00026318191397208744
MantonBM1,consensus,Plasmacytoid DC,Plasmacytoid DC,APP,CD74,2.8844457,0.0,6.355215,2.472002355395658,2.1110929086279597,0.048715156,0.96744335,0.008557333780797738,0.0002979354116361544
MantonBM1,consensus,CD8 T memory,NK,HLA-B,KLRD1,2.8806338,0.0,7.1902184,1.8673397295383705,1.876538030247528,0.0354143,0.96933234,0.022110410207889446,0.00030514361624892013
MantonBM1,consensus,Monocyte classical,Erythroid early,S100A8,CD36,3.1331253,0.0,6.2770414,2.505093045409293,3.6009440163132127,0.10487906,0.9672479,0.00021804339640301112,0.0003124376859691915
MantonBM1,consensus,Platelet,NK,B2M,KLRD1,2.8786216,0.0,7.182861,1.100533357748282,1.2054442862360242,0.023770615,0.96931714,0.022110410207889446,0.0003124376859691915
MantonBM1,consensus,Pre-B small,CD8 T cytotoxic,HLA-B,CD3D,2.8763185,0.0,7.8982644,0.8201861407522367,1.0138787588278135,0.020860447,0.970698,0.022110410207889446,0.0003198175109284766
MantonBM1,consensus,NK,CD8 T memory,HLA-B,CD3D,2.8662934,0.0,7.350209,0.8263285718355419,1.0460559801003795,0.019412953,0.9696578,0.022110410207889446,0.00033483457508372424
MantonBM1,consensus,CD8 T memory,CD4 T memory,HLA-B,CD3D,2.847372,0.0,6.92857,0.8160865197515335,0.9685070626864243,0.018299345,0.9687766,0.02349635481999675,0.00038194381949592624
MantonBM1,consensus,Monocyte non-classical,CD8 T cytotoxic,HLA-B,CD3D,2.8367553,0.0,7.719122,0.7808600308980372,0.878457592844335,0.020387305,0.97036994,0.022110410207889446,0.00042355829900298485
MantonBM1,consensus,CD8 T cytotoxic,CD8 T cytotoxic,HLA-B,KLRD1,2.8187757,0.0,6.3978596,1.7139992362978511,1.6925858422251048,0.03151166,0.96754855,0.022110410207889446,0.0004408036133618048
MantonBM1,consensus,NK,NK,HLA-B,KLRD1,2.8123376,0.0,6.9405146,1.7994544871466769,1.7356557969996609,0.034184422,0.9688026,0.022110410207889446,0.00045839137351538767
MantonBM1,consensus,Plasmacytoid DC,Pre-B small,APP,CD74,2.8117254,0.0,6.1395664,2.430927859714885,2.1014292098317098,0.047062125,0.9668953,0.00974237064221356,0.0004673136706653755
MantonBM1,consensus,Pre-B large,NK,B2M,KLRD1,2.810384,0.0,6.9333715,1.0198280667544397,0.7513965566360832,0.022944966,0.968787,0.022110410207889446,0.0004763214829729645
MantonBM1,consensus,Monocyte classical,CD8 T memory,S100A8,CD69,3.0936208,0.0,5.880852,1.8707280618951927,3.568352491082172,0.098538354,0.96619934,0.0011666675594266057,0.0004854149191645775
MantonBM1,consensus,NK,CD4 T memory,HLA-B,CD3D,2.7790759,0.0,6.687952,0.7482012773598401,0.8276248294385571,0.017663838,0.9682375,0.027158947498188056,0.0005514634840278336
MantonBM1,consensus,CD8 T cytotoxic,CD4 T naive,HLA-B,CD3D,2.756872,0.0,5.894852,0.741386662832601,0.9501284354061136,0.015569149,0.96623814,0.04138651255194005,0.0006320753546850945
MantonBM1,consensus,CD4 T memory,CD8 T memory,HLA-B,CD3D,2.756214,0.0,6.923979,0.7169106103737193,0.8774108292574101,0.01828722,0.9687665,0.025141216726772428,0.0006425361663700452
MantonBM1,consensus,CD8 T memory,CD8 T cytotoxic,HLA-B,KLRD1,2.7539527,0.0,6.1937017,1.649565158663504,1.6616104719362463,0.030506114,0.96703553,0.022110410207889446,0.0006637138538765032
MantonBM1,consensus,Platelet,CD8 T cytotoxic,B2M,KLRD1,2.7519403,0.0,6.1873636,0.8827587868734158,0.9905167279247424,0.020476164,0.9670192,0.022110410207889446,0.0006744305612992439
MantonBM1,consensus,Dendritic cell,CD8 T cytotoxic,HLA-B,CD3D,2.7305222,0.0,7.2381005,0.6752655667592122,0.7632082174601669,0.01911686,0.96943086,0.03482348364030738,0.0007292942610740494
MantonBM1,consensus,CD8 T cytotoxic,CD8 T cytotoxic,HLA-B,CD8A,2.7193599,0.0,5.5900445,1.5119105643589994,1.6058496182574244,0.042227328,0.9653613,0.015291248628339202,0.0007862895054474056
MantonBM1,consensus,Granulocyte precursor,NK,B2M,KLRD1,2.7179809,0.0,6.5955276,0.9105423624997323,0.6946607180693807,0.021826921,0.9680228,0.022110410207889446,0.0008096840031699552
MantonBM1,consensus,Pre-B small,CD8 T memory,HLA-B,CD3D,2.7123272,0.0,6.7540493,0.673287566094301,0.8932902578834412,0.017838411,0.9683884,0.035429164552514096,0.0008334193678464642
MantonBM1,consensus,HSPC,NK,B2M,KLRD1,2.7094915,0.0,6.564489,0.9005018487607528,0.5961533538312684,0.021724204,0.96794975,0.025995301743484293,0.000845414786748016
MantonBM1,consensus,Monocyte classical,Monocyte non-classical,S100A9,CD68,3.0940664,0.0,5.255612,2.6067730116166388,3.8659714591882013,0.1052163,0.96431494,0.0002087819516437362,0.000845414786748016
MantonBM1,consensus,Plasmacytoid DC,CD8 T cytotoxic,HLA-B,CD3D,2.7087097,0.0,7.1393347,0.6535841867235205,0.7263566179838046,0.018856004,0.9692266,0.04084839190169619,0.0008574951847157759
MantonBM1,consensus,CD4 T memory,NK,HLA-B,KLRD1,2.702258,0.0,6.538042,1.6900365256848544,1.5670106461566915,0.032202106,0.9678871,0.022110410207889446,0.0009317656703563956
MantonBM1,consensus,CD8 T cytotoxic,NK,B2M,KLRC1,3.197175,0.0,5.117022,2.235908237674007,1.6998863046620387,0.068012744,0.9638523,0.0020305707447909266,0.0009829805666149655
MantonBM1,consensus,CD8 T memory,CD4 T naive,HLA-B,CD3D,2.692049,0.0,5.7067456,0.6769525851982539,0.9191530651172551,0.015072332,0.9657051,0.04635438998125777,0.0009829805666149655
MantonBM1,consensus,NK,CD8 T cytotoxic,HLA-B,KLRD1,2.6856565,0.0,5.978605,1.5816799162718105,1.5207282386883791,0.029446686,0.96646744,0.022110410207889446,0.000995996885563117
MantonBM1,consensus,Monocyte classical,Monocyte non-classical,S100A8,CD68,3.0153189,0.0,5.0955696,2.583620811804959,3.73907601524773,0.11471623,0.96377903,0.00012482956111172194,0.000995996885563117
MantonBM1,consensus,CD4 T naive,CD8 T cytotoxic,HLA-B,CD3D,2.6852186,0.0,7.0329666,0.6302338518638905,0.6591816788985798,0.018575072,0.96900195,0.04790420536255328,0.0010090982014010527
MantonBM1,consensus,Pre-B large,CD8 T cytotoxic,B2M,KLRD1,2.683703,0.0,5.972452,0.8020534958795734,0.5364689983248014,0.019764945,0.9664508,0.040033486984041446,0.0010222843246806331
MantonBM1,consensus,Monocyte classical,Monocyte non-classical,S100A9,ITGB2,3.0738432,0.0,5.0464253,1.777514871706229,3.3924227898559765,0.042722795,0.9636095,0.014746056244783166,0.001035555596974404
MantonBM1,consensus,Monocyte non-classical,CD8 T memory,HLA-B,CD3D,2.6727638,0.0,6.600859,0.6339614562401015,0.7578690918999627,0.017433813,0.96803534,0.046748139225560974,0.0011031859435768538
MantonBM1,consensus,CD4 T memory,CD4 T memory,HLA-B,CD3D,2.6689963,0.0,6.300125,0.6387833158980175,0.6589796785955877,0.016639533,0.96730596,0.04507264517265567,0.001144782972291281
MantonBM1,consensus,NK,NK,B2M,KLRC1,3.127551,0.0,4.9864397,2.1535642357056926,1.6127386170337192,0.06627711,0.96339923,0.0022688254813228604,0.001144782972291281
MantonBM1,consensus,CD8 T cytotoxic,CD8 T cytotoxic,HLA-B,CD8B,2.6679537,0.0,5.1723366,1.384523627081578,1.4669348141174634,0.042282164,0.96403915,0.015230038463796778,0.0011588184544463695
MantonBM1,consensus,Monocyte classical,Plasmacytoid DC,S100A9,CD68,3.0675857,0.0,4.9816976,2.5418807397458574,3.71102415318491,0.09973259,0.9633825,0.00027937432438380496,0.0011729387887541188
MantonBM1,consensus,CD8 T memory,NK,B2M,KLRC1,3.115831,0.0,4.964458,2.139699989234918,1.6384489432881242,0.065984935,0.96332127,0.0023132130382335957,0.001201433773396417
MantonBM1,consensus,Pre-B small,NK,HLA-B,KLRD1,2.6583714,0.0,6.377584,1.646413481405436,1.5828900747827226,0.031411797,0.96749866,0.022110410207889446,0.001230268211822766
MantonBM1,consensus,CD8 T memory,CD8 T cytotoxic,HLA-B,CD8A,2.6545372,0.0,5.411664,1.4474764867246521,1.574874247968566,0.04087984,0.964815,0.017434733790625094,0.0012741555802799399
MantonBM1,consensus,Monocyte classical,Monocyte non-classical,S100A8,ITGB2,2.9950957,0.0,4.8927526,1.7543626718945489,3.265527345915505,0.046580214,0.96306336,0.010325255136491017,0.0012889542953233076
MantonBM1,consensus,Monocyte classical,Plasmacytoid DC,S100A8,CD68,2.9888382,0.0,4.8299966,2.518728539934177,3.584128709244439,0.1087374,0.9628331,0.00017272816079756204,0.0013795253673848018
MantonBM1,consensus,CD4 T memory,NK,B2M,KLRC1,3.0141468,0.0,4.7737446,2.019438424118544,1.4648149563097002,0.063450076,0.9626229,0.002778727968808545,0.0014259543268740783
MantonBM1,consensus,Monocyte classical,Monocyte classical,S100A9,CD36,3.0442686,0.0,4.7405066,2.2056024882228558,3.972240847905678,0.070434615,0.962497,0.0016759344176425369,0.0014415997225180853
MantonBM1,consensus,Monocyte non-classical,NK,HLA-B,KLRD1,2.618808,0.0,6.2329326,1.6070873715512366,1.447468908799244,0.030699339,0.967136,0.022110410207889446,0.0014573299503743752
MantonBM1,consensus,CD8 T memory,CD8 T cytotoxic,HLA-B,CD8B,2.6031308,0.0,5.0072856,1.3200895494472307,1.435959443828605,0.040932924,0.9634727,0.017334849849911623,0.0015698097563675403
MantonBM1,consensus,Monocyte classical,Monocyte classical,S100A8,CD36,2.965521,0.0,4.59615,2.1824502884111756,3.8453454039652066,0.07679412,0.96193486,0.0010195185048499063,0.0016359436763297484
MantonBM1,consensus,NK,CD8 T cytotoxic,HLA-B,CD8A,2.5862408,0.0,5.2237263,1.3795912443329588,1.4339920147206988,0.03946015,0.9642101,0.020643549336625204,0.0016864311173351912
MantonBM1,consensus,Plasmacytoid DC,NK,B2M,KLRC1,2.88547,0.0,4.532406,1.8672514618704463,1.244159921292001,0.06024233,0.9616783,0.009673898511876191,0.0017205115614442237
MantonBM1,consensus,Monocyte non-classical,NK,B2M,KLRC1,2.8761783,0.0,4.514979,1.8562625989165207,1.299881034427144,0.060010698,0.9616073,0.006690247246125997,0.0017722656730598668
MantonBM1,consensus,CD8 T cytotoxic,CD8 T memory,HLA-B,CD8A,2.5870113,0.0,4.514627,1.2871115629047187,1.6067451366534173,0.0341036,0.96160585,0.022110410207889446,0.001789685589039238
MantonBM1,consensus,CD4 T memory,CD8 T cytotoxic,HLA-B,KLRD1,2.5755768,0.0,5.631912,1.472261954809988,1.3520830878454098,0.027739108,0.9654859,0.022110410207889446,0.0018071901077376922
MantonBM1,consensus,Monocyte classical,Pre-B small,S100A8,CD69,2.9464526,0.0,4.4049153,1.6978578420011357,3.42580411516813,0.073807865,0.9611491,0.0024220620637396563,0.0019685249312627264
MantonBM1,consensus,NK,CD8 T cytotoxic,HLA-B,CD8B,2.5348346,0.0,4.8333907,1.2522043070555373,1.2950772105807378,0.039511394,0.9628456,0.020569241936767475,0.0020053042683111054
MantonBM1,consensus,CD4 T naive,NK,B2M,KLRC1,2.7987428,0.0,4.3697453,1.7646798787945186,1.1244023268975745,0.058080334,0.9609992,0.018247207968490445,0.002079873293180315
MantonBM1,consensus,Pre-B small,CD8 T cytotoxic,HLA-B,KLRD1,2.5316904,0.0,5.493693,1.4286389105305697,1.3679625164714408,0.02705833,0.9650695,0.022110410207889446,0.002079873293180315
MantonBM1,consensus,CD8 T memory,CD8 T memory,HLA-B,CD8A,2.5221882,0.0,4.3705635,1.2226774852703717,1.575769766364559,0.03301534,0.96100265,0.022110410207889446,0.00215578913642105
MantonBM1,consensus,Monocyte classical,Monocyte classical,S100A9,ITGB2,3.0019279,0.0,4.302537,1.6905048929784603,3.401474491077738,0.036425073,0.96070766,0.022110410207889446,0.0022525767934225343
MantonBM1,consensus,Monocyte classical,Dendritic cell,S100A9,CD36,2.9972022,0.0,4.253656,2.114998570001522,3.4323063824840068,0.063200966,0.9604914,0.0028294147879870516,0.0023714958682208723
MantonBM1,consensus,Dendritic cell,NK,HLA-B,KLRD1,2.5125751,0.0,5.844524,1.5014929074124115,1.332219533415076,0.028786292,0.96609795,0.022110410207889446,0.0023714958682208723
MantonBM1,consensus,CD8 T cytotoxic,CD8 T cytotoxic,HLA-A,CD8A,2.5075898,0.0,5.0072937,1.497998665822879,1.60588102236468,0.043287836,0.9634728,0.014096998470585001,0.0024524556779136645
MantonBM1,consensus,Monocyte classical,CD8 T cytotoxic,LGALS1,PTPRC,2.4990337,0.0,5.947589,1.398701606150954,2.0140547150873394,0.023819385,0.9663831,0.022110410207889446,0.0025140564725678956
MantonBM1,consensus,Pre-B small,NK,B2M,KLRC1,2.6949735,0.0,4.1751213,1.641950955802083,0.9896292398813225,0.0554935,0.96013635,0.022110410207889446,0.002576413016777794
MantonBM1,consensus,Monocyte non-classical,CD8 T cytotoxic,HLA-B,KLRD1,2.492127,0.0,5.369089,1.3893128006763702,1.2325413504879623,0.026444612,0.9646807,0.022110410207889446,0.0025973662979501292
MantonBM1,consensus,Monocyte classical,Monocyte classical,S100A8,ITGB2,2.92318,0.0,4.1715174,1.6673526931667801,3.2745790471372667,0.039713874,0.9601198,0.019908220078984094,0.0025973662979501292
MantonBM1,consensus,Plasmacytoid DC,NK,HLA-B,KLRD1,2.4907627,0.0,5.764774,1.4798115273767198,1.2953679339387136,0.028393494,0.9658722,0.022110410207889446,0.0026184034422378705
MantonBM1,consensus,Dendritic cell,CD8 T cytotoxic,LGALS1,PTPRC,2.4843557,0.0,5.890241,1.3864735471751826,1.5868228142605219,0.023589713,0.9662253,0.022110410207889446,0.0026820173611296814
MantonBM1,consensus,Monocyte classical,NK,B2M,KLRC1,2.6835542,0.0,4.1537046,1.6284438403755883,1.0195857671467004,0.055208836,0.96003777,0.022110410207889446,0.0026820173611296814
MantonBM1,consensus,Dendritic cell,NK,B2M,KLRC1,2.6787868,0.0,4.1447625,1.6228055560816876,0.9587053953566216,0.055089984,0.9599964,0.022110410207889446,0.0027033898350167637
MantonBM1,consensus,CD4 T memory,CD8 T cytotoxic,HLA-B,CD8A,2.4761612,0.0,4.9208083,1.2701732828711363,1.2653468638777294,0.0371719,0.9631649,0.022110410207889446,0.002724846111712237
MantonBM1,consensus,Monocyte classical,Dendritic cell,S100A8,CD36,2.9184546,0.0,4.1241245,2.0918463701898418,3.3054109385435355,0.06890735,0.9599005,0.0019021284290492383,0.0027463861791546355
MantonBM1,consensus,Monocyte classical,CD8 T memory,LGALS1,PTPRC,2.468752,0.0,5.7632,1.3709725268476567,2.100936715080449,0.02308093,0.96586776,0.022110410207889446,0.0027680100252824914
MantonBM1,consensus,CD8 T memory,CD8 T cytotoxic,HLA-A,CD8A,2.4686959,0.0,4.9002647,1.4620155241587023,1.6354425192640538,0.04236258,0.96309066,0.015138520774523734,0.0027897176380343373
MantonBM1,consensus,CD4 T naive,NK,HLA-B,KLRD1,2.4672716,0.0,5.6788855,1.4564611925170898,1.2281929948534889,0.027970465,0.965624,0.022110410207889446,0.002811509005348706
MantonBM1,consensus,Monocyte classical,CD8 T memory,S100A9,ITGB2,2.9814303,0.0,4.0905137,1.6657051698282972,3.29556379310928,0.034630094,0.95974267,0.022110410207889446,0.002833383527388547
MantonBM1,consensus,Dendritic cell,Monocyte classical,VIM,CD44,2.4606037,0.0,5.0215583,1.2152952455838315,1.8222783916088896,0.016069151,0.9635228,0.03756113639831346,0.002877384921786324
MantonBM1,consensus,CD8 T cytotoxic,CD8 T cytotoxic,HLA-A,CD8B,2.4561837,0.0,4.633131,1.3706117285454575,1.466966218224719,0.04334405,0.9620813,0.014038928641273488,0.0029440147806066436
MantonBM1,consensus,Dendritic cell,CD8 T memory,LGALS1,PTPRC,2.454074,0.0,5.70763,1.3587444678718852,1.6737048142536317,0.02285838,0.96570766,0.022110410207889446,0.0029663920898938554
MantonBM1,consensus,NK,CD8 T memory,HLA-B,CD8A,2.4538922,0.0,4.2187815,1.1547922428786783,1.4348875331166917,0.03186877,0.96033496,0.022110410207889446,0.002988853057252174
MantonBM1,consensus,B naive,NK,B2M,KLRC1,2.6159534,0.0,4.0269165,1.5484921729363157,0.861913113022202,0.053523637,0.95943886,0.022110410207889446,0.003079532653710644
MantonBM1,consensus,NK,CD8 T cytotoxic,HLA-A,CD8A,2.4469104,0.0,4.840316,1.4418613944458496,1.5357722362975101,0.04184432,0.96287125,0.015880695949890684,0.003125374388513378
MantonBM1,consensus,Monocyte classical,CD8 T memory,S100A8,ITGB2,2.9026828,0.0,3.9659505,1.642552970016617,3.168668349168809,0.037756827,0.9591411,0.022110410207889446,0.0032180600194186776
MantonBM1,consensus,Pre-B small,CD8 T cytotoxic,HLA-B,CD8A,2.4322748,0.0,4.8000407,1.226550238591718,1.2812262925037605,0.03625962,0.9627216,0.022110410207889446,0.003264904343960726
MantonBM1,consensus,CD8 T cytotoxic,CD8 T memory,HLA-B,CD8B,2.5186741,0.0,3.959345,1.1382095590202517,1.4084304049863388,0.032366354,0.95910835,0.022110410207889446,0.003264904343960726
MantonBM1,consensus,Granulocyte precursor,CD8 T cytotoxic,LGALS1,PTPRC,2.4267416,0.0,5.66514,1.338476949762291,2.0109059801948312,0.022688212,0.96558374,0.022110410207889446,0.003312082673593483
MantonBM1,consensus,CD4 T memory,CD8 T cytotoxic,HLA-B,CD8B,2.424755,0.0,4.5531077,1.1427863455937146,1.1264320597377684,0.037220173,0.9617622,0.022110410207889446,0.0033595949118252113
MantonBM1,consensus,CD8 T memory,CD8 T cytotoxic,HLA-A,CD8B,2.4172897,0.0,4.5340996,1.3346285868812808,1.4965277151240928,0.04241759,0.96168524,0.015047359615953274,0.00338347621651202
MantonBM1,consensus,B naive,NK,HLA-B,KLRD1,2.3986278,0.0,5.42791,1.3882298279570289,1.2100754417844746,0.026734324,0.96486586,0.022110410207889446,0.0036021606930565385
MantonBM1,consensus,Granulocyte precursor,CD8 T memory,LGALS1,PTPRC,2.3964598,0.0,5.4895077,1.3107478704589937,2.097787980187941,0.021984825,0.9650566,0.022110410207889446,0.003626875198460453
MantonBM1,consensus,NK,CD8 T cytotoxic,HLA-A,CD8B,2.3955042,0.0,4.47863,1.314474457168428,1.396857432157549,0.04189866,0.9614578,0.01575540237426746,0.0036765554816625993
MantonBM1,consensus,Monocyte non-classical,CD8 T cytotoxic,HLA-B,CD8A,2.3927112,0.0,4.6911697,1.1872241287375185,1.145805126520282,0.035437208,0.96230775,0.022110410207889446,0.003726568949778259
MantonBM1,consensus,Dendritic cell,CD8 T cytotoxic,HLA-B,KLRD1,2.3858938,0.0,5.0345116,1.283718336537545,1.1172919751037942,0.024796702,0.96356803,0.022110410207889446,0.003751700598024988
MantonBM1,consensus,Pre-B small,CD8 T cytotoxic,HLA-B,CD8B,2.3808684,0.0,4.441365,1.0991633013142965,1.1423114883637995,0.03630671,0.9613027,0.022110410207889446,0.003802213662588906
MantonBM1,consensus,CD8 T memory,CD8 T memory,HLA-B,CD8B,2.4538512,0.0,3.8330011,1.0737754813859044,1.3774550346974803,0.031333532,0.95846766,0.022110410207889446,0.003878606812424479
MantonBM1,consensus,CD8 T cytotoxic,CD8 T memory,HLA-A,CD8A,2.3752413,0.0,4.0439863,1.2731996643685983,1.6067765407606729,0.034960087,0.9595211,0.022110410207889446,0.0039042378377819407
MantonBM1,consensus,Plasmacytoid DC,CD8 T cytotoxic,HLA-B,KLRD1,2.3640816,0.0,4.965814,1.2620369565018534,1.080440375627432,0.024458343,0.9633261,0.022110410207889446,0.0040859828906516325
MantonBM1,consensus,NK,CD8 T memory,HLA-B,CD8B,2.385555,0.0,3.6998873,1.005890238994211,1.2365728014496131,0.030245371,0.9577584,0.022110410207889446,0.004461685678119968
MantonBM1,consensus,Monocyte classical,NK,HLA-B,KLRD1,2.3481743,0.0,5.2434425,1.338079183233642,1.1806315509649892,0.02582576,0.96427506,0.022110410207889446,0.004461685678119968
MantonBM1,consensus,Platelet,NK,B2M,KLRC1,2.4334583,0.026,3.6846392,1.332654164717968,0.9928238886621885,0.04897427,0.9576748,0.037482704577458774,0.004516684587864927
MantonBM1,consensus,CD4 T memory,CD8 T memory,HLA-B,CD8A,2.3438125,0.0,3.974139,1.0453742814168556,1.2662423822737223,0.030020738,0.9591814,0.022110410207889446,0.0046276787045637
MantonBM1,consensus,Monocyte non-classical,CD8 T cytotoxic,HLA-B,CD8B,2.341305,0.0,4.340629,1.059837191460097,1.006890322380321,0.035483226,0.96087366,0.022110410207889446,0.004768284895635068
MantonBM1,consensus,Monocyte classical,Erythroid late,S100A9,CD36,2.9375086,0.0,3.636191,2.0000870592744473,3.565775818079233,0.054026652,0.9574057,0.005464555733735133,0.004768284895635068
MantonBM1,consensus,CD4 T naive,CD8 T cytotoxic,HLA-B,KLRD1,2.3405905,0.0,4.891829,1.2386866216422234,1.0132654365422071,0.024093943,0.96306,0.022110410207889446,0.00479665473694732
MantonBM1,consensus,CD8 T memory,CD8 T memory,HLA-A,CD8A,2.336347,0.0,3.9575477,1.2372165227044218,1.6363380376600467,0.034212828,0.9590994,0.022110410207889446,0.0049975602833706185
MantonBM1,consensus,Granulocyte precursor,NK,S100A8,ITGB2,2.3238006,0.0,4.7057467,1.4650361207926406,2.023513442022892,0.04479987,0.96236396,0.012314798454455456,0.005351396396861856
MantonBM1,consensus,Monocyte classical,CD4 T memory,LGALS1,PTPRC,2.320872,0.0,4.8627462,1.235559399809053,1.8128701796125497,0.01947472,0.9629538,0.022110410207889446,0.0053814197350346505
MantonBM1,consensus,Monocyte classical,Erythroid late,S100A8,CD36,2.858761,0.0,3.5254626,1.976934859462767,3.438880374138762,0.058904693,0.95677066,0.003885653157508372,0.005411525621627108
MantonBM1,consensus,Plasmacytoid DC,Pre-B large,APP,CD74,2.3150918,0.0,4.666821,2.1504154839122904,1.2814356579309052,0.035772968,0.9622132,0.022110410207889446,0.005471984178903979
MantonBM1,consensus,NK,CD8 T memory,HLA-A,CD8A,2.3145618,0.0,3.9091318,1.217062392991569,1.536667754693503,0.033794273,0.95885736,0.022110410207889446,0.005532773593618029
MantonBM1,consensus,Monocyte classical,Platelet,S100A9,CD68,2.9238386,0.0,3.49479,2.1896217857867164,3.927372054813414,0.069965,0.9565896,0.0017566891335865367,0.005563292039174763
MantonBM1,consensus,Monocyte classical,CD4 T memory,S100A8,CD69,2.8547711,0.0,3.4854462,1.5901642843742922,2.9625106617371877,0.058401424,0.95653397,0.004025374205126646,0.005593892960782679
MantonBM1,consensus,Monocyte classical,Monocyte classical,S100A9,CD68,2.9223864,0.0,3.4797685,2.18606314445968,3.8171096928508104,0.06966427,0.95650005,0.0017866770888761508,0.005655342183906185
MantonBM1,consensus,CD8 T cytotoxic,CD8 T memory,HLA-A,CD8B,2.306904,0.0,3.5465915,1.1242976604841313,1.4084618090935943,0.033179212,0.95689404,0.022110410207889446,0.005748133454615098
MantonBM1,consensus,Dendritic cell,CD4 T memory,LGALS1,PTPRC,2.306194,0.0,4.815859,1.2233313408332815,1.3856382787857322,0.019286942,0.9627806,0.022110410207889446,0.0058104068910651875
MantonBM1,consensus,Granulocyte precursor,Dendritic cell,S100A8,ITGB2,2.3057213,0.0,4.5915923,1.443162047197744,1.7367236388790273,0.043713093,0.9619167,0.013608336781667809,0.005873009845754342
MantonBM1,consensus,Pre-B small,CD8 T memory,HLA-B,CD8A,2.2999258,0.0,3.8766048,1.0017512371374373,1.2821218108997534,0.029283963,0.95869225,0.022110410207889446,0.006030957388846406
MantonBM1,consensus,Dendritic cell,CD8 T cytotoxic,HLA-B,CD8A,2.2864783,0.0,4.398837,1.0816296645986934,1.0305557511361139,0.033228915,0.96112335,0.022110410207889446,0.006353023910651
MantonBM1,consensus,B naive,Monocyte non-classical,RPS19,C5AR1,2.609451,0.0,3.3930588,1.349823904549013,0.969169732746366,0.03858887,0.9559721,0.022110410207889446,0.006418423865704408
MantonBM1,consensus,CD4 T memory,CD8 T cytotoxic,HLA-A,CD8A,2.2789743,0.0,4.3781877,1.2864956757924795,1.3157205676500006,0.037849244,0.9610353,0.022110410207889446,0.006451247074850645
MantonBM1,consensus,Monocyte classical,Platelet,S100A8,CD68,2.845091,0.0,3.3883677,2.1664695859750362,3.8004766108729426,0.07628211,0.9559429,0.0010778917416476227,0.006451247074850645
MantonBM1,consensus,CD4 T memory,CD8 T memory,HLA-B,CD8B,2.2754755,0.0,3.485335,0.8964722775323883,1.0679276506066437,0.028491477,0.9565333,0.022110410207889446,0.006550208596059481
MantonBM1,consensus,Monocyte classical,Monocyte classical,S100A8,CD68,2.843639,0.0,3.3738036,2.162910944648,3.690214248910339,0.07595422,0.95585215,0.001094185331805104,0.00668330783992678
MantonBM1,consensus,B naive,CD8 T cytotoxic,HLA-B,KLRD1,2.2719464,0.0,4.6756372,1.1704552570821625,0.9951478834731928,0.023029123,0.96224755,0.022110410207889446,0.00668330783992678
MantonBM1,consensus,CD4 T naive,Monocyte non-classical,RPS19,C5AR1,2.5775099,0.0,3.344434,1.2938030506712186,0.9410586302921378,0.03803587,0.95566726,0.022110410207889446,0.006851527109301245
MantonBM1,consensus,CD8 T cytotoxic,CD8 T cytotoxic,B2M,KLRC2,3.0346546,0.0,3.343409,1.6626571434546382,1.337157526383744,0.05293978,0.95566076,0.005981950212940057,0.006885417171559334
MantonBM1,consensus,CD8 T memory,CD8 T memory,HLA-A,CD8B,2.2680101,0.0,3.4707847,1.0883145188199546,1.4380233059929681,0.03247002,0.95644623,0.022110410207889446,0.006885417171559334
MantonBM1,consensus,Plasmacytoid DC,CD8 T cytotoxic,HLA-B,CD8A,2.264666,0.0,4.338814,1.0599482845630017,0.9937041516597516,0.0327755,0.9608658,0.022110410207889446,0.007021797115303376
MantonBM1,consensus,Granulocyte precursor,CD8 T cytotoxic,S100A8,ITGB2,2.2639902,0.0,4.3280983,1.3926720977422473,1.8372769344883086,0.041204564,0.9608193,0.016840973095619015,0.0070904778119835815
MantonBM1,consensus,CD4 T memory,Monocyte non-classical,RPS19,C5AR1,2.5533109,0.0,3.3075953,1.251366817163768,0.8675566494104212,0.037616905,0.95543206,0.022110410207889446,0.007159487064084712
MantonBM1,consensus,Monocyte non-classical,CD8 T memory,HLA-B,CD8A,2.2603626,0.0,3.7886786,0.9624251272832379,1.1467006449162749,0.028619766,0.9582355,0.022110410207889446,0.007194114523727842
MantonBM1,consensus,Granulocyte precursor,Monocyte non-classical,RPS19,C5AR1,2.5393944,0.0,3.2864099,1.2269587616778206,0.8792730609468802,0.037375968,0.955295,0.022110410207889446,0.0073684796754104175
MantonBM1,consensus,NK,CD8 T cytotoxic,B2M,KLRC2,2.9650307,0.0,3.2580876,1.5803131414863234,1.2500098387554246,0.051588796,0.95510983,0.009291795318888482,0.007438797564111949
MantonBM1,consensus,CD8 T memory,CD8 T cytotoxic,B2M,KLRC2,2.9533105,0.0,3.243725,1.5664488950155493,1.2757201650098295,0.051361375,0.95501506,0.007941591068884696,0.0075804165890632665
MantonBM1,consensus,HSPC,Monocyte non-classical,RPS19,C5AR1,2.507605,0.0,3.2380164,1.1712063759119073,0.7695742276620192,0.03682559,0.9549772,0.022110410207889446,0.007616025726214598
MantonBM1,consensus,Granulocyte precursor,CD4 T memory,LGALS1,PTPRC,2.24858,0.0,4.6318164,1.17533474342039,1.8097214447200414,0.018549874,0.9620761,0.02238484861273551,0.0076517165916084005
MantonBM1,consensus,NK,CD8 T memory,HLA-A,CD8B,2.2462246,0.0,3.4283235,1.0681603891071016,1.3383530230264244,0.032072786,0.95618916,0.022110410207889446,0.007687488212728508
MantonBM1,consensus,Pre-B large,NK,HLA-B,KLRD1,2.2438943,0.0,4.8621745,1.2344264481785034,1.0086450707350152,0.023947883,0.9629517,0.022110410207889446,0.0077592784717935535
MantonBM1,consensus,CD4 T naive,CD8 T cytotoxic,HLA-B,CD8A,2.2411747,0.0,4.2741704,1.0365979497033717,0.9265292125745268,0.032287184,0.9605826,0.022110410207889446,0.0077952961273521915
MantonBM1,consensus,Granulocyte precursor,NK,S100A9,ITGB2,2.238656,0.0,4.4519224,1.3910190348679767,1.804941442096815,0.037689764,0.9613468,0.022110410207889446,0.007903839053394954
MantonBM1,consensus,Dendritic cell,CD8 T cytotoxic,HLA-B,CD8B,2.2350721,0.0,4.0701404,0.9542427273212719,0.8916409469961528,0.03327207,0.9596461,0.022110410207889446,0.00797660918294783
MantonBM1,consensus,CD8 T cytotoxic,CD8 T cytotoxic,HLA-C,CD8A,2.233755,0.0,4.2537537,1.5085448380747122,1.672993704765588,0.050266072,0.96049184,0.007336420863062365,0.008086375419796479
MantonBM1,consensus,Pre-B small,CD8 T memory,HLA-B,CD8B,2.2315888,0.0,3.3997974,0.8528492332529701,1.0838070792326748,0.027792234,0.9560138,0.022110410207889446,0.00823387365015581
MantonBM1,consensus,CD4 T memory,CD8 T cytotoxic,HLA-A,CD8B,2.2275681,0.0,4.051034,1.1591087385150578,1.1768057635100395,0.037898395,0.9595549,0.022110410207889446,0.008457565444012794
MantonBM1,consensus,Plasmacytoid DC,Monocyte non-classical,RPS19,C5AR1,2.4335613,0.0,3.1252978,1.041351398564897,0.694154675201254,0.035543658,0.9542093,0.022110410207889446,0.008457565444012794
MantonBM1,consensus,Monocyte classical,CD8 T cytotoxic,HLA-B,KLRD1,2.2214932,0.0,4.516736,1.1203046123587757,0.9657039926537074,0.022246478,0.9616145,0.022110410207889446,0.008532781441686817
MantonBM1,consensus,CD4 T memory,CD8 T cytotoxic,B2M,KLRC2,2.8516262,0.0,3.1191149,1.4461873298991748,1.1020861780314055,0.04938829,0.95416605,0.020904986624816033,0.008570511586614689
MantonBM1,consensus,Granulocyte precursor,Dendritic cell,S100A9,ITGB2,2.2205768,0.0,4.3439255,1.3691449612730802,1.5181516389529504,0.036775466,0.96088797,0.022110410207889446,0.008570511586614689
MantonBM1,consensus,Plasmacytoid DC,CD8 T cytotoxic,HLA-B,CD8B,2.2132597,0.0,4.014602,0.9325613472855802,0.8547893475197905,0.03281806,0.95937926,0.022110410207889446,0.008646215091029376
MantonBM1,consensus,CD8 T memory,Monocyte non-classical,RPS19,C5AR1,2.4131217,0.0,3.0941823,1.0055040340341956,0.6558745191232138,0.035189785,0.9539902,0.022110410207889446,0.008722245170484042
MantonBM1,consensus,CD8 T cytotoxic,Monocyte non-classical,RPS19,C5AR1,2.4069047,0.0,3.084718,0.9946021012361521,0.6615920213985664,0.035082147,0.953923,0.022110410207889446,0.008836900507510414
MantonBM1,consensus,Monocyte classical,Plasmacytoid DC,S100A9,CD36,2.8836646,0.0,3.0792325,1.8964358492650808,3.3599761224403135,0.045751344,0.9538838,0.011153669314129613,0.008913744070040454
MantonBM1,consensus,Granulocyte precursor,Erythroid early,S100A8,CD36,2.204418,0.0,3.9519534,1.9043257607879747,1.937429757365733,0.06603065,0.95907164,0.002304290292615139,0.008913744070040454
MantonBM1,consensus,NK,CD8 T cytotoxic,HLA-C,CD8A,2.203076,0.0,4.1693296,1.481369076802173,1.6137407117863287,0.049268447,0.9601098,0.008062349922152535,0.00895228781647481
MantonBM1,consensus,Monocyte classical,Dendritic cell,TNFSF13B,HLA-DPB1,2.198362,0.0,3.1796076,1.924205904363067,2.516178589574569,0.04557182,0.95458424,0.011379944292458418,0.009068406771717608
MantonBM1,consensus,Monocyte classical,NK,S100A8,CD69,2.812428,0.0,3.0607903,1.5404261547582594,3.0697752954366706,0.051285975,0.9537515,0.006780187328499116,0.009146223626553597
MantonBM1,consensus,Monocyte non-classical,CD8 T memory,HLA-B,CD8B,2.1920254,0.0,3.3226857,0.8135231233987706,0.9483859132491962,0.02716187,0.95552886,0.022110410207889446,0.009224367498898722
MantonBM1,consensus,Pre-B small,Monocyte non-classical,RPS19,C5AR1,2.3793557,0.0,3.0427794,0.9462879260896209,0.6297296770648975,0.034605186,0.9536212,0.022110410207889446,0.009263561255503979
MantonBM1,consensus,CD4 T naive,CD8 T cytotoxic,HLA-B,CD8B,2.1897686,0.0,3.9547892,0.9092110124259501,0.7876144084345658,0.032329112,0.95908576,0.022110410207889446,0.009263561255503979
MantonBM1,consensus,Platelet,NK,CLEC1B,KLRB1,2.1892583,0.0,3.8672407,6.2814446731648195,3.322394575914726,0.4625531,0.9586443,7.091999773212316e-07,0.00930283620964908
MantonBM1,consensus,Erythroid early,Monocyte non-classical,RPS19,C5AR1,2.3750145,0.0,3.0361707,0.9386745255975933,0.5548365784120637,0.03453003,0.9535731,0.034982114444611044,0.009381629662312934
MantonBM1,consensus,CD8 T cytotoxic,CD8 T memory,HLA-B,KLRD1,2.404123,0.0,3.0285442,1.0011790729099008,1.3592881737512235,0.014916624,0.9535174,0.04794444831349101,0.00965996269610572
MantonBM1,consensus,CD8 T cytotoxic,CD8 T cytotoxic,HLA-C,CD8B,2.182349,0.0,3.9358978,1.3811579007972907,1.534078900625627,0.05033135,0.95899177,0.010856541919778468,0.009740216293295032
MantonBM1,consensus,Granulocyte precursor,CD8 T cytotoxic,S100A9,ITGB2,2.178846,0.0,4.094644,1.3186550118175835,1.6187049345622317,0.03466506,0.95976216,0.022110410207889446,0.009942266320891726
MantonBM1,consensus,Erythroid late,Monocyte non-classical,RPS19,C5AR1,2.3525944,0.0,3.0020401,0.8993534898723083,0.6574659664668119,0.034141865,0.9533222,0.022110410207889446,0.010064469637854647
MantonBM1,consensus,B naive,CD8 T cytotoxic,HLA-B,CD8A,2.172531,0.0,4.0852757,0.9683665851433108,0.9084116595055125,0.030860268,0.9597179,0.022110410207889446,0.010187401561617833
MantonBM1,consensus,Monocyte classical,Plasmacytoid DC,S100A8,CD36,2.804917,0.0,2.9854646,1.8732836494534006,3.2330806784998423,0.04988221,0.95319885,0.007566976291543102,0.01026976079819609
MantonBM1,consensus,Monocyte classical,CD4 T naive,LGALS1,PTPRC,2.1650894,0.0,3.914172,1.092909157308577,1.6687371694036224,0.015675792,0.95888275,0.04031553600057443,0.0104354499269065
MantonBM1,consensus,Granulocyte precursor,CD8 T memory,S100A8,CD69,2.1649134,0.0,3.7025173,1.2699607772738748,1.9048382321346922,0.06203862,0.9577728,0.01777036241882516,0.010477072123873468
MantonBM1,consensus,Plasmacytoid DC,CD8 T cytotoxic,B2M,KLRC2,2.7229493,0.0,2.9614265,1.2940003676510774,0.8814311430137062,0.046891443,0.9530182,0.022110410207889446,0.010686406555050978
MantonBM1,consensus,Platelet,Monocyte non-classical,PF4,LDLR,2.7674446,0.0,2.9599273,7.195167773048034,4.975003402949573,0.39887974,0.95300686,1.1576217672313814e-07,0.010728515815701677
MantonBM1,consensus,Dendritic cell,CD8 T memory,HLA-B,CD8A,2.1541295,0.0,3.5525851,0.8568306631444129,1.0314512695321068,0.02683631,0.95692885,0.022110410207889446,0.010812976614926533
MantonBM1,consensus,NK,CD8 T cytotoxic,HLA-C,CD8B,2.1516697,0.0,3.8577826,1.3539821395247515,1.4748259076463677,0.04933243,0.95859575,0.012314798454455456,0.010897760370972885
MantonBM1,consensus,Monocyte non-classical,CD8 T cytotoxic,B2M,KLRC2,2.7136576,0.0,2.95004,1.2830115046971518,0.9371522561488493,0.046711147,0.9529319,0.022110410207889446,0.010940273327650452
MantonBM1,consensus,Dendritic cell,CD4 T naive,LGALS1,PTPRC,2.1504114,0.0,3.876431,1.0806810983328055,1.2415052685768049,0.0155246435,0.95869136,0.04185716909240916,0.010940273327650452
MantonBM1,consensus,CD4 T memory,CD8 T memory,HLA-A,CD8A,2.1466255,0.0,3.5359082,1.061696674338199,1.3166160860459935,0.030567773,0.9568318,0.022110410207889446,0.011111132063955767
MantonBM1,consensus,Monocyte classical,NK,LGALS1,PTPRC,2.1429908,0.0,3.779612,1.0726736681541864,1.6966558365426276,0.015136896,0.9581876,0.04553561740165943,0.01119704310063175
MantonBM1,consensus,Plasmacytoid DC,CD8 T memory,HLA-B,CD8A,2.132317,0.0,3.5041091,0.8351492831087212,0.9945996700557445,0.026470121,0.95664483,0.022110410207889446,0.011500279010362541
MantonBM1,consensus,NK,Monocyte non-classical,RPS19,C5AR1,2.2971847,0.0,2.9176888,0.8021779671250551,0.5151868935011004,0.033182543,0.952684,0.04631515232396406,0.011500279010362541
MantonBM1,consensus,Dendritic cell,NK,LGALS1,PTPRC,2.1283128,0.0,3.7431684,1.060445609178415,1.2694239357158101,0.0149909435,0.95799303,0.047184154956673365,0.011675328955314057
MantonBM1,consensus,Pre-B small,CD8 T cytotoxic,HLA-A,CD8A,2.1236734,0.0,3.9508293,1.1428199189829102,1.2140342197783562,0.034154747,0.9590661,0.022110410207889446,0.01185166686789233
MantonBM1,consensus,CD8 T memory,CD8 T cytotoxic,HLA-C,CD8A,2.1234682,0.0,3.9502647,1.4108513545301384,1.596090197882466,0.046679784,0.9590633,0.010277812452471089,0.011940316189011955
MantonBM1,consensus,Monocyte classical,CD8 T cytotoxic,HLA-B,CD8A,2.1220775,0.0,3.9464376,0.9182159404199238,0.8789677686860271,0.029811481,0.9590443,0.022110410207889446,0.012029289585737034
MantonBM1,consensus,B naive,CD8 T cytotoxic,HLA-B,CD8B,2.1211247,0.0,3.7800095,0.8409796478658892,0.7694968553655515,0.030900342,0.95818967,0.022110410207889446,0.01216335266181284
MantonBM1,consensus,Granulocyte precursor,Erythroid early,S100A9,CD36,2.1192737,0.0,3.7387881,1.8303086748633108,1.7188577574396562,0.055551045,0.9579694,0.004933151988567697,0.012343228487843555
MantonBM1,consensus,Pre-B large,CD8 T cytotoxic,HLA-B,KLRD1,2.1172132,0.0,4.188309,1.016651877303637,0.7937175124237335,0.020628864,0.9601966,0.022110410207889446,0.012524389386759198
MantonBM1,consensus,CD4 T naive,CD8 T cytotoxic,B2M,KLRC2,2.6362221,0.0,2.855146,1.1914287845751497,0.7616735486192797,0.04520859,0.9521932,0.022110410207889446,0.012569880313665377
MantonBM1,consensus,CD4 T naive,CD8 T memory,HLA-B,CD8A,2.108826,0.0,3.451902,0.8117989482490912,0.9274247309705197,0.026075747,0.95633245,0.022110410207889446,0.012936693482132503
MantonBM1,consensus,Monocyte non-classical,Pre-B large,CXCL12,CXCR4,2.1087382,0.0,4.1806326,3.4878924201640045,3.3563785142242413,0.1345079,0.96016157,5.719547757466252e-05,0.012982906281258394
MantonBM1,consensus,Monocyte classical,CD8 T memory,LGALS1,CD69,2.1086607,0.0,3.5705736,1.4511556381123811,2.307622343722663,0.03967457,0.9570328,0.02001742502608275,0.013029199228579699
MantonBM1,consensus,CD8 T cytotoxic,CD8 T memory,HLA-C,CD8A,2.1014066,0.0,3.4354126,1.2837458366204317,1.673889223161581,0.040595844,0.95623237,0.018041847373638786,0.013261865765966023
MantonBM1,consensus,Monocyte classical,CD4 T memory,S100A9,ITGB2,2.8562136,0.0,2.7952807,1.5142064069147645,2.981049938538187,0.023664713,0.95170856,0.022110410207889446,0.01344943790932148
MantonBM1,consensus,Dendritic cell,CD8 T memory,LGALS1,CD69,2.0939827,0.0,3.5361457,1.4389275791366098,1.8803904428958456,0.03929202,0.9568332,0.021017680736543386,0.013590959228627648
MantonBM1,consensus,Granulocyte precursor,CD4 T naive,LGALS1,PTPRC,2.0927973,0.0,3.7282896,1.032684500919914,1.665588434511114,0.014931357,0.9579128,0.04786398775086381,0.013638293000605622
MantonBM1,consensus,CD8 T cytotoxic,Monocyte non-classical,HLA-B,LILRB2,2.371953,0.0,2.767142,1.6186593605345838,1.2714302659887127,0.037996583,0.9514755,0.022110410207889446,0.013780774144306764
MantonBM1,consensus,Monocyte non-classical,CD8 T cytotoxic,LGALS1,PTPRC,2.08757,0.0,4.33998,1.0559234817064316,0.9759938664888688,0.017381104,0.96087086,0.02857907778135212,0.01387616130929887
MantonBM1,consensus,Granulocyte precursor,Monocyte non-classical,S100A8,CD68,2.0866115,0.0,3.2081122,1.9828535271836407,2.0755617563002504,0.07222402,0.9547773,0.0014158314383959964,0.01392397477636792
MantonBM1,consensus,Dendritic cell,CD8 T memory,HLA-B,CD8B,2.0857925,0.0,3.1156309,0.7079286592599456,0.8331365378650281,0.025469264,0.9541416,0.026844898887579054,0.01397186815040368
MantonBM1,consensus,CD4 T memory,CD8 T memory,HLA-A,CD8B,2.0782886,0.0,3.101005,0.9127946704537316,1.1183013543789149,0.029010646,0.95403856,0.022110410207889446,0.014067894571129464
MantonBM1,consensus,Granulocyte precursor,NK,HLA-B,KLRD1,2.07725,0.0,4.2528906,1.0687833521092904,0.8086803306429111,0.02094695,0.960488,0.022110410207889446,0.014212533202931775
MantonBM1,consensus,Pre-B small,CD8 T cytotoxic,B2M,KLRC2,2.5324528,0.0,2.7279809,1.0686998615827141,0.6269004616030277,0.043195046,0.9511454,0.022110410207889446,0.014309355549599057
MantonBM1,consensus,Pre-B small,CD8 T cytotoxic,HLA-A,CD8B,2.072267,0.0,3.6556091,1.0154329817054886,1.0751194156383952,0.0341991,0.95751417,0.022110410207889446,0.014406499730565566
MantonBM1,consensus,CD8 T memory,CD8 T cytotoxic,HLA-C,CD8B,2.072062,0.0,3.6550868,1.283464417252717,1.457175393742505,0.0467404,0.95751125,0.016840973095619015,0.014455191506608577
MantonBM1,consensus,NK,CD8 T memory,HLA-C,CD8A,2.070727,0.0,3.3672307,1.2565700753478926,1.6146362301823216,0.039790142,0.95581096,0.0197993999254873,0.01455281436950678
MantonBM1,consensus,Monocyte classical,CD8 T cytotoxic,B2M,KLRC2,2.5210338,0.0,2.7139874,1.0551927461562194,0.6568569888684056,0.04297347,0.9510258,0.022110410207889446,0.01455281436950678
MantonBM1,consensus,Monocyte classical,CD4 T memory,S100A8,ITGB2,2.777466,0.0,2.7101595,1.4910542071030843,2.8541544945977155,0.025801389,0.95099294,0.022110410207889446,0.014650756233078103
MantonBM1,consensus,Monocyte classical,CD8 T cytotoxic,HLA-B,CD8B,2.0706713,0.0,3.651546,0.7908290031425023,0.7400529645460661,0.029850196,0.9574915,0.022110410207889446,0.014650756233078103
MantonBM1,consensus,Dendritic cell,CD8 T cytotoxic,B2M,KLRC2,2.516266,0.0,2.7081447,1.0495544618623187,0.5959766170783268,0.04288096,0.9509756,0.026097194033941187,0.014699846759962517
MantonBM1,consensus,Plasmacytoid DC,Monocyte non-classical,APP,CD74,2.069728,0.0,3.939205,2.0118272562832438,1.2730991807191525,0.030195514,0.9590083,0.022110410207889446,0.014699846759962517
MantonBM1,consensus,Monocyte non-classical,CD8 T memory,CXCL12,CXCR4,2.0684881,0.0,4.0524077,3.4559378913066134,3.5666039268106413,0.13038237,0.95956147,6.871759200631046e-05,0.014847596576273162
MantonBM1,consensus,CD8 T memory,Monocyte non-classical,HLA-B,LILRB2,2.3071299,0.0,2.6788416,1.5542252829002368,1.2404548956998542,0.036784098,0.9507214,0.022110410207889446,0.01504571176425984
MantonBM1,consensus,Granulocyte precursor,Monocyte non-classical,S100A8,ITGB2,2.0663884,0.0,3.0804212,1.1535953872732307,1.6020130869680256,0.02932637,0.9538923,0.022110410207889446,0.015095436995925509
MantonBM1,consensus,Plasmacytoid DC,CD8 T memory,HLA-B,CD8B,2.06398,0.0,3.0731173,0.6862472792242539,0.7962849383886658,0.025121728,0.9538401,0.0319700957937922,0.01524509834292722
MantonBM1,consensus,Monocyte classical,Granulocyte precursor,S100A9,ITGB2,2.8438332,0.0,2.667221,1.4992277554548241,2.9796050109014836,0.022580568,0.9506194,0.022110410207889446,0.01529514463729318
MantonBM1,consensus,Granulocyte precursor,Plasmacytoid DC,S100A8,CD68,2.0601308,0.0,3.0409105,1.9179612553128589,1.920614450296959,0.06845982,0.9536076,0.001981757611585204,0.01534527050090606
MantonBM1,consensus,Platelet,NK,HLA-B,KLRD1,2.059139,0.0,4.186673,1.0507810756356977,1.1376457925472798,0.020620806,0.96018916,0.022110410207889446,0.015395475921704383
MantonBM1,consensus,Monocyte classical,Monocyte classical,VCAN,CD44,2.057746,0.0,3.8579187,1.7693920946504755,2.7027360281116053,0.059538536,0.9585964,0.0037737289935636967,0.015496125386611518
MantonBM1,consensus,Monocyte non-classical,CD8 T memory,LGALS1,PTPRC,2.0572882,0.0,4.205431,1.028194402403134,1.0628758664819786,0.01684225,0.9602745,0.03191072701538435,0.015546569406597386
MantonBM1,consensus,Dendritic cell,CD8 T cytotoxic,HLA-A,CD8A,2.0518017,0.0,3.753052,1.0763279045603862,0.9670750805633652,0.032444973,0.958046,0.022110410207889446,0.0156983784719466
MantonBM1,consensus,Platelet,CD8 T cytotoxic,HLA-A,CD8A,2.0469558,0.0,3.7397175,1.0718449373555994,1.0431311817513254,0.032329693,0.95797443,0.022110410207889446,0.015901900383752336
MantonBM1,consensus,Granulocyte precursor,Dendritic cell,TNFSF13B,HLA-DPB1,2.120168,0.0,2.6347318,1.760781822195095,2.082483858090809,0.03776237,0.950331,0.022110410207889446,0.016055377857601378
MantonBM1,consensus,CD4 T naive,CD8 T memory,HLA-B,CD8B,2.040489,0.0,3.027331,0.6628969443646239,0.729109999303441,0.024747444,0.9535085,0.0376282248145584,0.01615809313523094
MantonBM1,consensus,B naive,CD8 T memory,HLA-B,CD8A,2.040182,0.0,3.299347,0.7435675836890302,0.9093071779015054,0.024923343,0.9553789,0.022110410207889446,0.016261125869670972
MantonBM1,consensus,Monocyte classical,Platelet,S100A9,CD36,2.8395226,0.0,2.6226323,1.8114616434518451,3.6390222854798124,0.038967162,0.9502222,0.021625326229827175,0.016364475964429734
MantonBM1,consensus,Plasmacytoid DC,CD8 T cytotoxic,HLA-A,CD8A,2.0375633,0.0,3.7138715,1.063155397291551,0.9645867554395124,0.032106254,0.9578346,0.022110410207889446,0.016364475964429734
MantonBM1,consensus,Granulocyte precursor,Monocyte classical,S100A8,CD36,2.0368137,0.0,2.8936834,1.5816830037898577,2.181831145017727,0.0483487,0.9524974,0.00883351578954526,0.01646814332301549
MantonBM1,consensus,Granulocyte precursor,CD8 T memory,LGALS1,CD69,2.0363686,0.0,3.4010086,1.3909309817237183,2.304473608830155,0.03779044,0.95602125,0.022110410207889446,0.016572127848936496
MantonBM1,consensus,CD8 T cytotoxic,CD8 T memory,HLA-C,CD8B,2.0330694,0.0,3.01287,1.1348438327359645,1.4755744914945024,0.038527884,0.9534022,0.022110410207889446,0.016676429445701014
MantonBM1,consensus,Monocyte classical,Erythroid early,S100A12,CD36,2.0282087,0.0,3.5108004,2.4886767651092776,3.2540600319801274,0.16556354,0.95668435,0.00013009447315043645,0.016833473323415518
MantonBM1,consensus,Monocyte classical,Granulocyte precursor,S100A8,ITGB2,2.7650857,0.0,2.5859997,1.476075555643144,2.8527095669610123,0.024619356,0.9498885,0.022110410207889446,0.01699123286920774
MantonBM1,consensus,NK,Monocyte non-classical,HLA-B,LILRB2,2.238834,0.0,2.58581,1.4863400405085432,1.099572662451987,0.035506647,0.94988674,0.022110410207889446,0.017043977742993346
MantonBM1,consensus,Monocyte non-classical,CD8 T cytotoxic,HLA-A,CD8A,2.0251145,0.0,3.6796143,1.051638644626373,1.1126361393885689,0.031810105,0.9576471,0.022110410207889446,0.017149704955978035
MantonBM1,consensus,Pre-B large,CD8 T cytotoxic,HLA-B,CD8A,2.0177975,0.0,3.6594791,0.8145632053647853,0.7069812884560531,0.02764379,0.9575357,0.022110410207889446,0.017629393205561138
MantonBM1,consensus,Granulocyte precursor,Pre-B small,S100A8,CD69,2.0177455,0.0,2.7732844,1.0970905573798175,1.7622898562206504,0.046468582,0.9515267,0.022110410207889446,0.017683084311109962
MantonBM1,consensus,HSPC,NK,HLA-B,KLRD1,2.0149522,0.0,4.025118,1.0068596262597993,0.6368194545136681,0.019825092,0.95943016,0.022110410207889446,0.01779070930909294
MantonBM1,consensus,Monocyte classical,Platelet,S100A8,CD36,2.760775,0.0,2.5427685,1.788309443640165,3.512126841539341,0.04248549,0.9494857,0.0149263649601188,0.018006907092148205
MantonBM1,consensus,Dendritic cell,Dendritic cell,TNFSF13B,HLA-DPB1,2.1040254,0.0,2.5222445,1.7270437281520352,1.8720002924655603,0.036150143,0.94929105,0.022110410207889446,0.018333571787078305
MantonBM1,consensus,CD4 T memory,CD8 T cytotoxic,HLA-C,CD8A,2.0024948,0.0,3.617369,1.303692028846779,1.3696857282618093,0.042745996,0.9572997,0.015321913289366555,0.018333571787078305
MantonBM1,consensus,NK,CD8 T memory,HLA-C,CD8B,2.0023901,0.0,2.9530742,1.1076680714634253,1.4163214985152428,0.037763223,0.95295495,0.022110410207889446,0.018388292017151663
MantonBM1,consensus,Granulocyte precursor,Monocyte non-classical,S100A9,CD68,2.0014672,0.0,3.035069,1.908836441258977,1.8569897563741733,0.060761474,0.95356506,0.0034044227464777492,0.018497969038103752
MantonBM1,consensus,Dendritic cell,CD8 T cytotoxic,HLA-A,CD8B,2.0003953,0.0,3.4726105,0.9489409672829646,0.8281602764234042,0.032487106,0.9564572,0.022110410207889446,0.01855292580485955
MantonBM1,consensus,Platelet,CD8 T cytotoxic,HLA-A,CD8B,1.9955497,0.0,3.4602726,0.9444580000781777,0.9042163776113643,0.032371677,0.956383,0.022110410207889446,0.018828888748041187
MantonBM1,consensus,Granulocyte precursor,Monocyte classical,S100A8,ITGB2,1.9944729,0.0,2.6263394,1.066585408545462,1.611064788189787,0.0250034,0.95025563,0.022110410207889446,0.018884318258278084
MantonBM1,consensus,Pre-B small,CD8 T memory,HLA-A,CD8A,1.9913245,0.0,3.1907654,0.9180209175286297,1.2149297381743491,0.027584027,0.9546601,0.022110410207889446,0.019051079235161226
MantonBM1,consensus,Monocyte classical,B naive,S100A8,CD69,2.754499,0.0,2.4798262,1.472380234046554,2.917588262493881,0.04155146,0.94888127,0.01642037783449254,0.0191068236693082
MantonBM1,consensus,CD8 T memory,CD8 T memory,HLA-C,CD8A,1.9911194,0.0,3.1903093,1.186052353075858,1.5969857162784589,0.037699487,0.954657,0.022110410207889446,0.0191068236693082
MantonBM1,consensus,CD8 T cytotoxic,Monocyte non-classical,HLA-A,LILRB2,2.160183,0.0,2.4786732,1.6047474619984634,1.2714616700959682,0.038950842,0.94886994,0.0217020673817149,0.019162646804279024
MantonBM1,consensus,Granulocyte precursor,Dendritic cell,S100A8,CD36,1.9897473,0.0,2.5965016,1.4910790855685234,1.641896679596056,0.043383278,0.94998485,0.014009951907478975,0.01921854862801223
MantonBM1,consensus,Monocyte classical,CD8 T memory,HLA-B,CD8A,1.9897287,0.0,3.1872187,0.6934169389656433,0.87986328708202,0.024076324,0.95463604,0.030395950898725977,0.019274529128446356
MantonBM1,consensus,Plasmacytoid DC,CD8 T cytotoxic,HLA-A,CD8B,1.9861572,0.0,3.4363577,0.9357684600141294,0.8256719512995514,0.03214795,0.95623815,0.022110410207889446,0.019442942569339546
MantonBM1,consensus,Monocyte non-classical,Dendritic cell,APP,CD74,2.5132775,0.0,2.4528615,1.3551313766947137,1.7296345930532457,0.018802123,0.94861543,0.022110410207889446,0.019725201007331467
MantonBM1,consensus,Granulocyte precursor,Monocyte non-classical,S100A9,ITGB2,1.981244,0.0,2.9142656,1.079578301348567,1.3834410870419487,0.024672033,0.9526575,0.022110410207889446,0.019781889051093994
MantonBM1,consensus,Granulocyte precursor,Plasmacytoid DC,S100A9,CD68,1.9749864,0.0,2.8768861,1.843944169388195,1.7020424503708822,0.057594683,0.9523655,0.0042211470084798156,0.02006650736998062
MantonBM1,consensus,CD4 T memory,Monocyte non-classical,HLA-B,LILRB2,2.1287541,0.0,2.4358616,1.3769220790467207,0.9309275116090177,0.033447657,0.9484457,0.022110410207889446,0.02006650736998062
MantonBM1,consensus,Granulocyte precursor,CD8 T memory,S100A8,ITGB2,1.9739754,0.0,2.496917,1.0417856853952991,1.505154090221329,0.023771266,0.94904757,0.022110410207889446,0.020123666569342464
MantonBM1,consensus,Monocyte non-classical,CD8 T cytotoxic,HLA-A,CD8B,1.9737084,0.0,3.4046605,0.9242517073489516,0.9737213352486078,0.031851415,0.95604384,0.022110410207889446,0.0201809042524224
MantonBM1,consensus,Monocyte non-classical,B naive,APP,CD74,2.4937978,0.0,2.4315255,1.3441293014052276,2.148144729151853,0.018638574,0.9484021,0.022110410207889446,0.02029561502149064
MantonBM1,consensus,CD4 T naive,CD8 T cytotoxic,HLA-A,CD8A,1.9718943,0.0,3.5331624,1.0024028057478298,0.8692749349616165,0.030544035,0.9568157,0.022110410207889446,0.02029561502149064
MantonBM1,consensus,CD8 T memory,Monocyte non-classical,HLA-A,LILRB2,2.1212888,0.0,2.4256926,1.5687643203342867,1.301023166995342,0.038118284,0.9483433,0.022110410207889446,0.020410639580693613
MantonBM1,consensus,Pre-B large,CD8 T cytotoxic,HLA-B,CD8B,1.9663913,0.0,3.38603,0.6871762680873638,0.5680664843160921,0.02767969,0.9559284,0.03208908183244696,0.020757591919999534
MantonBM1,consensus,NK,Monocyte non-classical,HLA-A,LILRB2,2.0995035,0.0,2.3960168,1.5486101906214338,1.2013528840287984,0.03765195,0.94804096,0.022110410207889446,0.02081569212371938
MantonBM1,consensus,Monocyte classical,Pre-B small,LGALS1,CD69,1.9614928,0.0,2.674455,1.278285418218324,2.1650739678086213,0.029717311,0.95068294,0.022110410207889446,0.02099046272051979
MantonBM1,consensus,B naive,Monocyte classical,RPS19,C5AR1,2.4957774,0.0,2.3796022,0.9912687893166623,0.9565727249838706,0.027062947,0.9478714,0.022110410207889446,0.02122458636578757
MantonBM1,consensus,Pre-B small,Monocyte non-classical,HLA-B,LILRB2,2.0848675,0.0,2.3760803,1.3332990347673024,0.9468069402350487,0.032626778,0.9478348,0.022110410207889446,0.021283312943635307
MantonBM1,consensus,CD4 T memory,NK,CLEC2D,KLRB1,1.9520888,0.0,2.3724346,1.6346145645486185,1.9665099489766287,0.07089816,0.9477968,0.003212364123314485,0.021518998390534085
MantonBM1,consensus,Granulocyte precursor,Monocyte classical,S100A9,CD36,1.9516692,0.0,2.7376003,1.5076659178651939,1.9632591450916501,0.04067536,0.9512271,0.017973726930317704,0.02157811605602032
MantonBM1,consensus,Platelet,Plasmacytoid DC,PF4,CXCR3,2.7073252,0.0,2.3665366,6.92991205440094,4.192780205956913,0.41161564,0.9477352,1.5943978042417782e-07,0.02163731190368924
MantonBM1,consensus,CD4 T memory,CD8 T cytotoxic,HLA-C,CD8B,1.9510884,0.0,3.3470664,1.1763050915693576,1.2307709241218483,0.042801507,0.95568395,0.022110410207889446,0.02163731190368924
MantonBM1,consensus,Granulocyte precursor,CD8 T cytotoxic,HLA-B,KLRD1,1.9505688,0.0,3.6634676,0.851008781234424,0.5937527723316294,0.01804384,0.9575578,0.026559420927607914,0.021696585921479387
MantonBM1,consensus,Dendritic cell,Pre-B small,LGALS1,CD69,1.9468148,0.0,2.6486676,1.2660573592425526,1.7378420669818038,0.029430771,0.9504553,0.022110410207889446,0.021994128140097144
MantonBM1,consensus,Monocyte non-classical,Plasmacytoid DC,APP,CD74,2.4169052,0.0,2.3473055,1.3006980434237625,1.5840649863032426,0.017992996,0.9475327,0.025116419572473257,0.022173590740788576
MantonBM1,consensus,CD4 T naive,Monocyte classical,RPS19,C5AR1,2.4638362,0.0,2.345501,0.9352479354388679,0.9284616225296424,0.026675118,0.94751364,0.022110410207889446,0.02223356774690372
MantonBM1,consensus,Plasmacytoid DC,HSPC,APP,CD74,1.9397924,0.0,3.5538871,1.9384359923659984,1.0059100632340223,0.027241906,0.9569364,0.022110410207889446,0.022293622802525413
MantonBM1,consensus,Monocyte classical,CD4 T memory,LGALS1,ITGB1,1.9335694,0.0,2.5044274,1.4887649367373934,2.2346345419691915,0.023795312,0.94912016,0.022110410207889446,0.022655588252109296
MantonBM1,consensus,Monocyte non-classical,Monocyte non-classical,HLA-B,LILRB2,2.0453043,0.0,2.322188,1.293972924913103,0.8113857742515702,0.031886764,0.9472647,0.022110410207889446,0.0228984601630162
MantonBM1,consensus,CD4 T memory,Monocyte classical,RPS19,C5AR1,2.4396372,0.0,2.3196654,0.8928117019314171,0.8549596416479258,0.026381291,0.9472375,0.022110410207889446,0.02295937296297424
MantonBM1,consensus,CD8 T cytotoxic,CD8 T cytotoxic,HLA-E,CD8A,1.9268035,0.0,3.4090812,1.3858351186970221,1.4644920824121617,0.049077436,0.9560711,0.01049242446581783,0.023265105293078906
MantonBM1,consensus,Monocyte classical,Erythroid early,LGALS1,ITGB1,1.9258155,0.0,2.4572127,1.476345237484152,1.8222264907344938,0.023346713,0.94865865,0.022110410207889446,0.023511089123029044
MantonBM1,consensus,Granulocyte precursor,Monocyte classical,RPS19,C5AR1,2.4257207,0.0,2.3048077,0.8684036464454699,0.8666760531843848,0.026212318,0.94707674,0.022110410207889446,0.023511089123029044
MantonBM1,consensus,Pre-B small,CD8 T memory,HLA-A,CD8B,1.9229875,0.0,2.7983134,0.7691189136441624,1.0166150065072705,0.026178893,0.95173347,0.022110410207889446,0.02375832098257853
MantonBM1,consensus,CD8 T memory,CD8 T memory,HLA-C,CD8B,1.9227823,0.0,2.7979136,1.0371503491913907,1.39867098461138,0.03577907,0.9517302,0.022110410207889446,0.0238824034484261
MantonBM1,consensus,Monocyte classical,CD8 T cytotoxic,S100A8,CD69,2.7358346,0.0,2.292641,1.4504560653994627,2.807798365056271,0.03841502,0.94694394,0.022110410207889446,0.023944561273152948
MantonBM1,consensus,CD4 T naive,CD8 T cytotoxic,HLA-A,CD8B,1.9204881,0.0,3.269152,0.8750158684704082,0.7303601308216554,0.0305837,0.9551825,0.022110410207889446,0.02425651583235923
MantonBM1,consensus,Dendritic cell,CD8 T memory,HLA-A,CD8A,1.9194528,0.0,3.0310366,0.8515289031061056,0.9679705989593581,0.026203182,0.9535356,0.022110410207889446,0.024381841300827958
MantonBM1,consensus,HSPC,Monocyte classical,RPS19,C5AR1,2.3939314,0.0,2.2708685,0.8126512606795566,0.7569772198995238,0.025826331,0.9467037,0.022110410207889446,0.024444620482127782
MantonBM1,consensus,Dendritic cell,CD4 T memory,LGALS1,ITGB1,1.9188914,0.0,2.4802792,1.476536877761622,1.807402641142374,0.023565874,0.9488857,0.022110410207889446,0.024444620482127782
MantonBM1,consensus,Monocyte non-classical,Pre-B small,APP,CD74,2.3441849,0.0,2.2676554,1.2596235477429896,1.5744012875069926,0.017382447,0.94666797,0.028551778365716905,0.024570408300885527
MantonBM1,consensus,Platelet,CD8 T memory,HLA-A,CD8A,1.914607,0.0,3.0202675,0.8470459359013187,1.0440267001473182,0.02611008,0.9534567,0.022110410207889446,0.02488624390557887
MantonBM1,consensus,CD8 T cytotoxic,NK,CLEC2D,KLRB1,1.9302577,0.0,2.234839,1.6088078880384693,1.9792870517718812,0.06678624,0.9462988,0.0035326187080209617,0.025076675735271333
MantonBM1,consensus,Dendritic cell,Erythroid early,LGALS1,ITGB1,1.9111375,0.0,2.4335198,1.4641171785083804,1.3949945899076763,0.0231216,0.94842213,0.022110410207889446,0.02520401778190704
MantonBM1,consensus,Granulocyte precursor,Erythroid late,S100A8,CD36,1.9300537,0.0,2.219591,1.3761675748414488,1.775366115191282,0.03708572,0.94612455,0.022110410207889446,0.025395611850892355
MantonBM1,consensus,Granulocyte precursor,Monocyte classical,S100A9,ITGB2,1.9093285,0.0,2.4846766,0.9925683226207981,1.3924927882637101,0.021035153,0.9489286,0.022110410207889446,0.025395611850892355
MantonBM1,consensus,Monocyte classical,Dendritic cell,VCAN,CD44,1.9089007,0.0,3.0627096,1.6170879537273943,2.233457516594794,0.047266223,0.95376533,0.009651144199785537,0.02565215118616266
MantonBM1,consensus,Plasmacytoid DC,CD8 T memory,HLA-A,CD8A,1.9052147,0.0,2.9993937,0.8383563958372704,0.9654822738355053,0.025929626,0.95330256,0.022110410207889446,0.025845370857963804
MantonBM1,consensus,Granulocyte precursor,Dendritic cell,S100A9,CD36,1.9046029,0.0,2.4564483,1.4170619996438596,1.423324679669979,0.036497995,0.948651,0.022110410207889446,0.02590993213120087
MantonBM1,consensus,Monocyte classical,CD4 T memory,VCAN,CD44,1.9038877,0.0,3.0359278,1.6119587282111332,2.2819704255486943,0.046852905,0.9535713,0.010019408494478318,0.025974570742320492
MantonBM1,consensus,Monocyte classical,Platelet,LGALS1,ITGB1,1.9009968,0.0,2.3060896,1.4365923433556276,2.529556412712455,0.021910846,0.9470906,0.022110410207889446,0.026168950482360065
MantonBM1,consensus,Monocyte classical,NK,VCAN,SELL,1.9008927,0.0,3.0199265,1.716566691202226,2.5853727020605537,0.06264972,0.9534542,0.0029013901647732643,0.02623389832439526
MantonBM1,consensus,Granulocyte precursor,CD4 T memory,S100A8,CD69,1.9260637,0.0,2.194397,0.989396999752974,1.298996402789708,0.03676887,0.94583285,0.022110410207889446,0.02649446234767361
MantonBM1,consensus,Monocyte classical,Plasmacytoid DC,VCAN,SELL,1.8966827,0.0,2.9974341,1.7119732916215276,2.3488422834749416,0.06218311,0.953288,0.0030169042860379966,0.02649446234767361
MantonBM1,consensus,Plasmacytoid DC,Monocyte classical,RPS19,C5AR1,2.3198876,0.0,2.1918175,0.6827962833325464,0.6815576674387586,0.024927294,0.94580275,0.03277970993607466,0.026559796456970257
MantonBM1,consensus,Dendritic cell,Monocyte non-classical,HLA-B,LILRB2,1.9390712,0.0,2.1774795,1.1883784607742778,0.6961363988674021,0.029899722,0.9456343,0.022110410207889446,0.026821901423291918
MantonBM1,consensus,Monocyte non-classical,CD8 T memory,HLA-A,CD8A,1.8927658,0.0,2.9717271,0.8268396431720926,1.1135316577845618,0.02569045,0.95309585,0.022110410207889446,0.026887621494174563
MantonBM1,consensus,CD8 T memory,Monocyte classical,RPS19,C5AR1,2.299448,0.0,2.1699955,0.6469489188018449,0.6432775113607184,0.024679117,0.94554573,0.042699689358831686,0.027019293094761986
MantonBM1,consensus,CD4 T memory,Monocyte non-classical,HLA-A,LILRB2,1.9315672,0.0,2.1672578,1.393244471968064,0.9813012153812888,0.034057137,0.9455132,0.022110410207889446,0.02715127322670246
MantonBM1,consensus,B naive,CD8 T cytotoxic,HLA-A,CD8A,1.8892306,0.0,3.305688,0.925926142036188,0.8485894992638714,0.028577529,0.9554198,0.022110410207889446,0.02715127322670246
MantonBM1,consensus,Granulocyte precursor,Pre-B small,LGALS1,CD69,1.8892007,0.0,2.5474463,1.218060761829661,2.161925232916113,0.02830605,0.94952977,0.022110410207889446,0.027217378961776416
MantonBM1,consensus,Granulocyte precursor,CD8 T memory,S100A9,ITGB2,1.8888311,0.0,2.362235,0.9677685994706352,1.286582090295252,0.01999857,0.9476901,0.022110410207889446,0.027349821709824456
MantonBM1,consensus,CD8 T cytotoxic,Monocyte classical,RPS19,C5AR1,2.293231,0.0,2.1633582,0.6360469860038014,0.648995013636071,0.02460363,0.9454668,0.04592414435995088,0.027349821709824456
MantonBM1,consensus,Dendritic cell,Platelet,LGALS1,ITGB1,1.8863188,0.0,2.283854,1.424364284379856,2.1023245118856373,0.021699578,0.9468474,0.022110410207889446,0.02761563197979989
MantonBM1,consensus,Plasmacytoid DC,Monocyte non-classical,HLA-B,LILRB2,1.9172589,0.0,2.1477673,1.1666970807385861,0.6592847993910398,0.02949173,0.94528,0.022110410207889446,0.028016654274757823
MantonBM1,consensus,CD4 T naive,NK,CLEC2D,KLRB1,1.9160726,0.0,2.1454349,1.5920397904012675,1.985552857186733,0.06411447,0.94525194,0.003786059313758831,0.028150945307918403
MantonBM1,consensus,Granulocyte precursor,Platelet,S100A8,CD68,1.9163837,0.0,2.1332774,1.565702301353718,2.136962351925463,0.04802634,0.9451047,0.008984601589621066,0.028555664288488283
MantonBM1,consensus,Granulocyte precursor,Monocyte classical,S100A8,CD68,1.9149315,0.0,2.124108,1.562143660026682,2.0266999899628595,0.047819905,0.94499284,0.009093542781866724,0.028827014211524296
MantonBM1,consensus,CD8 T cytotoxic,CD8 T cytotoxic,HLA-E,CD8B,1.8753972,0.0,3.1543427,1.2584481814196007,1.3255772782722006,0.049141172,0.95441103,0.018767193448221677,0.029031329512232883
MantonBM1,consensus,CD4 T naive,Monocyte non-classical,HLA-B,LILRB2,1.8937676,0.0,2.115768,1.1433467458789561,0.592109860305815,0.02905234,0.9448905,0.02687096505765911,0.029031329512232883
MantonBM1,consensus,CD8 T cytotoxic,Monocyte non-classical,HLA-C,LILRB2,1.8863481,0.0,2.1056612,1.6152936342502966,1.3385743524968763,0.04522993,0.9447657,0.011686249237165922,0.0293048295132416
MantonBM1,consensus,CD4 T memory,CD8 T memory,HLA-C,CD8A,1.8701459,0.0,2.9214563,1.0788930273924986,1.3705812466578022,0.034522485,0.952713,0.022110410207889446,0.02964843068590893
MantonBM1,consensus,Monocyte classical,CD4 T memory,LGALS1,CD69,1.869811,0.0,2.116197,1.1705918605914807,1.701780514377679,0.023514207,0.9448958,0.022110410207889446,0.029786407876502434
MantonBM1,consensus,Monocyte classical,CD8 T cytotoxic,HLA-A,CD8A,1.8670359,0.0,3.2446122,0.9053921575317818,0.9062599887894041,0.028049532,0.9550209,0.022110410207889446,0.02999394841963445
MantonBM1,consensus,Granulocyte precursor,CD4 T memory,LGALS1,ITGB1,1.8612773,0.0,2.385493,1.4285402803487304,2.231485807076683,0.022665285,0.9479324,0.022110410207889446,0.030411093696492492
MantonBM1,consensus,Monocyte classical,Monocyte classical,S100A12,CD36,1.8606043,0.0,2.570664,2.1660340081111604,3.4984614196321213,0.12122826,0.9497467,0.00028159434618550987,0.03048088645330309
MantonBM1,consensus,Monocyte non-classical,B naive,CXCL12,CXCR4,1.8557832,0.0,3.3747954,3.2870713881295237,3.3142155408818574,0.10858085,0.95585835,0.00017434331689203774,0.03097157757128533
MantonBM1,consensus,NK,Monocyte non-classical,HLA-C,LILRB2,1.8556688,0.0,2.0638704,1.5881178729777574,1.279321359517617,0.044332255,0.94424033,0.012827645712250214,0.03111246311396383
MantonBM1,consensus,Dendritic cell,CD4 T memory,LGALS1,CD69,1.855133,0.0,2.0957923,1.158363801615709,1.2745486135508615,0.023287479,0.944643,0.022110410207889446,0.031183020505062047
MantonBM1,consensus,Monocyte classical,CD8 T memory,VCAN,CD44,1.8544123,0.0,2.7716036,1.5613330738926505,2.3306942729970377,0.042773638,0.9515127,0.014537484896438801,0.03132436067177054
MantonBM1,consensus,Granulocyte precursor,Erythroid early,LGALS1,ITGB1,1.8535234,0.0,2.3405206,1.4161205810954889,1.8190777558419855,0.022237988,0.9474607,0.022110410207889446,0.03139514721386037
MantonBM1,consensus,Monocyte classical,CD4 T naive,S100A9,ITGB2,2.7846217,0.0,2.0547411,1.4275882139594291,2.815216322559807,0.017395342,0.9441235,0.02841557453753492,0.03146601011685714
MantonBM1,consensus,Granulocyte precursor,CD8 T cytotoxic,HLA-B,CD8A,1.8511531,0.0,3.200906,0.6489201092955723,0.507016548363949,0.024179718,0.9547287,0.049081581938849525,0.0316079649573256
MantonBM1,consensus,Dendritic cell,CD8 T memory,HLA-A,CD8B,1.8511157,0.0,2.6582308,0.7026268992216383,0.7696558672922794,0.024868386,0.9505401,0.027929272149278556,0.03167905687067437
MantonBM1,consensus,Monocyte classical,CD8 T cytotoxic,LGALS1,ITGB1,1.8571203,0.0,2.038922,1.3663139730972171,2.1378845114180507,0.019372407,0.9439193,0.022110410207889446,0.03225053842009963
MantonBM1,consensus,Platelet,CD8 T memory,HLA-A,CD8B,1.84627,0.0,2.648786,0.6981439320168514,0.8457119684802396,0.024780028,0.9504564,0.029240156838200616,0.03232231671318516
MantonBM1,consensus,Granulocyte precursor,Erythroid late,S100A9,CD36,1.8449093,0.0,2.0998678,1.302150488916785,1.5567941152652052,0.03119991,0.94469374,0.022110410207889446,0.03246610189961835
MantonBM1,consensus,Monocyte classical,Plasmacytoid DC,S100A9,ITGB2,2.7818947,0.0,2.0265331,1.4242887808578981,2.831660396971825,0.017156536,0.9437578,0.030167786195262808,0.032538104904599706
MantonBM1,consensus,Dendritic cell,CD8 T cytotoxic,LGALS1,ITGB1,1.8424423,0.0,2.0192623,1.3540859141214456,1.7106526105912334,0.019185614,0.9436623,0.022110410207889446,0.03297174519968855
MantonBM1,consensus,CD4 T naive,CD8 T memory,HLA-A,CD8A,1.8395455,0.0,2.8534496,0.7776038042935493,0.8701704533576093,0.024667948,0.9521797,0.022110410207889446,0.03318959280005932
MantonBM1,consensus,B naive,CD8 T cytotoxic,HLA-A,CD8B,1.8378243,0.0,3.0586753,0.7985392047587664,0.7096746951239103,0.02861464,0.9537363,0.022110410207889446,0.03355419316060901
MantonBM1,consensus,Plasmacytoid DC,CD8 T memory,HLA-A,CD8B,1.8368776,0.0,2.6304798,0.6894543919528031,0.7671675421684266,0.024608767,0.9502928,0.03129233466224179,0.033700561453177576
MantonBM1,consensus,NK,CD8 T cytotoxic,HLA-E,CD8A,1.8359637,0.0,3.1591077,1.304532407118022,1.4556671375943644,0.0454788,0.9544438,0.015230038463796778,0.03384723756688637
MantonBM1,consensus,Monocyte classical,CD4 T naive,S100A8,ITGB2,2.7058742,0.0,1.9921707,1.404436014147749,2.6883208786193356,0.018965958,0.94330215,0.022110410207889446,0.03421525677940358
MantonBM1,consensus,Granulocyte precursor,Platelet,S100A9,CD68,1.8312395,0.0,2.0182102,1.491685215429054,1.9183903519993861,0.040404163,0.94364846,0.018350451432235394,0.03458517325469582
MantonBM1,consensus,Dendritic cell,CD8 T cytotoxic,HLA-C,CD8A,1.830466,0.0,3.143979,1.1513069857706533,1.0168529281974812,0.037152007,0.9543394,0.022110410207889446,0.034733670740668625
MantonBM1,consensus,Granulocyte precursor,Monocyte classical,S100A9,CD68,1.8297873,0.0,2.0095353,1.4881265741020182,1.8081279900367826,0.040230494,0.9435338,0.018558067633480415,0.034808033198806855
MantonBM1,consensus,Granulocyte precursor,Platelet,LGALS1,ITGB1,1.8287047,0.0,2.1965742,1.3763676869669645,2.5264076778199467,0.02087031,0.9458583,0.022110410207889446,0.03495698548507964
MantonBM1,consensus,B naive,Monocyte non-classical,HLA-B,LILRB2,1.8251238,0.0,2.0222628,1.0751153813188952,0.5739923072368007,0.027768387,0.94370174,0.03091405203717058,0.035405660435442854
MantonBM1,consensus,Monocyte non-classical,CD8 T memory,HLA-A,CD8B,1.8244287,0.0,2.606216,0.6779376392876253,0.9152169261174831,0.024381774,0.95007354,0.033914037281878834,0.035555824461106424
MantonBM1,consensus,Dendritic cell,NK,S100A9,ITGB2,1.8231512,0.0,3.2132585,1.1256003464638835,0.8855232996001153,0.027203295,0.95481193,0.022110410207889446,0.035631011919559016
MantonBM1,consensus,CD8 T memory,CD8 T cytotoxic,HLA-E,CD8A,1.8225683,0.0,3.122246,1.2925439059821962,1.4158653318721444,0.044948135,0.954188,0.016196743585107844,0.03578162993323544
MantonBM1,consensus,Monocyte classical,Plasmacytoid DC,S100A8,ITGB2,2.7031472,0.0,1.9648218,1.401136581046218,2.704764953031354,0.01870559,0.94293135,0.022110410207889446,0.035857052401936595
MantonBM1,consensus,Pre-B large,NK,CLEC2D,KLRB1,1.8853121,0.0,1.9515612,1.5556779948185957,1.7090251985805969,0.058320723,0.9427489,0.004505547828189324,0.036501195534277574
MantonBM1,consensus,Monocyte classical,CD8 T cytotoxic,HLA-A,CD8B,1.8156297,0.0,3.0021634,0.7780052202543604,0.767345184649443,0.028085958,0.9533231,0.022110410207889446,0.03653925630507148
MantonBM1,consensus,Monocyte classical,Dendritic cell,S100A12,CD36,1.813538,0.0,2.3066564,2.0754300898898266,2.95852695421045,0.1087781,0.9470968,0.0004312480927972615,0.036768017339251745
MantonBM1,consensus,Monocyte classical,HSPC,VCAN,SELL,1.8131206,0.0,2.5510025,1.6208025795684784,2.205985688043035,0.052921683,0.9495632,0.006048785863376222,0.036844421994238596
MantonBM1,consensus,Monocyte non-classical,Pre-B small,CXCL12,CXCR4,1.8116386,0.0,3.2341642,3.2520248139528527,3.2768795874002565,0.10405617,0.9549516,0.00022951146395625507,0.03707408872111889
MantonBM1,consensus,Granulocyte precursor,NK,S100A8,CD69,1.8837205,0.0,1.9270386,0.9396588701369413,1.406261036489191,0.03228906,0.94240665,0.022110410207889446,0.03745837508196382
MantonBM1,consensus,Dendritic cell,Dendritic cell,S100A9,ITGB2,1.805072,0.0,3.1353097,1.103726272868987,0.5987334964562507,0.026543384,0.9542792,0.025290385465183442,0.037689851457392856
MantonBM1,consensus,CD8 T memory,NK,CLEC2D,KLRB1,1.8795801,0.0,1.9154346,1.5489023010088587,1.9237618510643144,0.05724111,0.94224256,0.00461710155759649,0.037767160936654075
MantonBM1,consensus,Monocyte classical,Monocyte non-classical,VCAN,CD44,1.8025584,0.0,2.4945734,1.508274432457276,2.05386557423316,0.038498282,0.94902486,0.022110410207889446,0.03792200585398504
MantonBM1,consensus,CD4 T memory,CD8 T memory,HLA-C,CD8B,1.8018088,0.0,2.5621285,0.9299910235080313,1.1722665149907234,0.032763902,0.94966733,0.022110410207889446,0.03799954126793183
MantonBM1,consensus,Dendritic cell,Plasmacytoid DC,HLA-DRA,CD4,2.342264,0.0,1.9027249,1.3238474234136766,1.6730004939615872,0.036714092,0.9420611,0.022110410207889446,0.03807715196931756
MantonBM1,consensus,HSPC,CD8 T cytotoxic,HLA-A,CD8A,1.798797,0.0,3.056832,0.8422621091047846,0.5654844764580755,0.026426181,0.95372295,0.03256835037651455,0.03838833904615142
MantonBM1,consensus,Granulocyte precursor,CD4 T memory,LGALS1,CD69,1.797519,0.0,2.0156996,1.1103672042028174,1.6986317794851706,0.022397527,0.9436153,0.022110410207889446,0.03877902582419653
MantonBM1,consensus,Monocyte classical,Monocyte non-classical,LGALS1,ITGB1,1.8316088,0.0,1.8835801,1.3254512764740523,1.9498932863860223,0.017896457,0.9417845,0.025666211382520412,0.039171591772880224
MantonBM1,consensus,Granulocyte precursor,Plasmacytoid DC,S100A8,CD36,1.8762097,0.0,1.8796144,1.2725163648320823,1.5695664195523624,0.031405266,0.9417267,0.022110410207889446,0.03932914398241142
MantonBM1,consensus,Monocyte non-classical,Dendritic cell,TNFSF13B,HLA-DPB1,2.0115855,0.0,1.8781013,1.5338466617561282,1.929521587544555,0.026917944,0.94170463,0.022110410207889446,0.03948699652152371
MantonBM1,consensus,CD8 T cytotoxic,CD8 T memory,HLA-E,CD8A,1.7944547,0.0,2.7532392,1.1610361172427415,1.4653876008081546,0.039635878,0.9513591,0.022110410207889446,0.03948699652152371
MantonBM1,consensus,Dendritic cell,Monocyte non-classical,LGALS1,ITGB1,1.8169308,0.0,1.8654182,1.313223217498281,1.5226613855592048,0.017723896,0.94151837,0.026792823444343788,0.04012140804394893
MantonBM1,consensus,Monocyte classical,NK,LGALS1,CD69,1.8274679,0.0,1.8583663,1.1208537309754478,1.8090451480771619,0.020649308,0.941414,0.022110410207889446,0.040360549565928605
MantonBM1,consensus,Granulocyte precursor,CD8 T cytotoxic,LGALS1,ITGB1,1.7848282,0.0,1.9420943,1.306089316708554,2.1347357765255426,0.018452419,0.94261754,0.022819993452778683,0.04084084666391393
MantonBM1,consensus,NK,CD8 T cytotoxic,HLA-E,CD8B,1.7845576,0.0,2.923048,1.1771454698406003,1.3167523334544033,0.045537855,0.9527253,0.022110410207889446,0.040921159664105436
MantonBM1,consensus,Dendritic cell,NK,LGALS1,CD69,1.8127899,0.0,1.8404475,1.1086256719996763,1.3818132472503444,0.020450205,0.9411462,0.022110410207889446,0.041162547663437375
MantonBM1,consensus,Monocyte classical,Granulocyte precursor,VCAN,CD44,1.7795452,0.0,2.3716245,1.484726410395267,2.125179171811631,0.03660084,0.94778836,0.022110410207889446,0.041485445542685864
MantonBM1,consensus,Dendritic cell,CD8 T cytotoxic,HLA-C,CD8B,1.7790599,0.0,2.9090497,1.0239200484932316,0.8779381240575201,0.037200253,0.9526171,0.022110410207889446,0.041728403940075307
MantonBM1,consensus,Pre-B small,Monocyte non-classical,HLA-A,LILRB2,1.7762662,0.0,1.9557099,1.2495687151584947,0.8796148675096445,0.030732792,0.9428062,0.022110410207889446,0.042134828852622305
MantonBM1,consensus,CD8 T memory,Monocyte non-classical,HLA-C,LILRB2,1.776061,0.0,1.9554305,1.5176001507057229,1.2616708456137542,0.04200295,0.9428023,0.015599686631655053,0.04229792152378784
MantonBM1,consensus,Monocyte classical,Monocyte non-classical,HLA-B,LILRB2,1.7746704,0.0,1.9535362,1.0249647365955084,0.5445484164173153,0.026824677,0.9427762,0.037427228736867144,0.042461312739442446
MantonBM1,consensus,CD4 T naive,CD8 T memory,HLA-A,CD8B,1.7712084,0.0,2.5024862,0.628701800409082,0.6718557216905306,0.023411358,0.9491014,0.04859179035627656,0.04287109627749167
MantonBM1,consensus,CD8 T memory,CD8 T cytotoxic,HLA-E,CD8B,1.771162,0.0,2.8889408,1.1651569687047747,1.2769505277321833,0.045006506,0.9524603,0.022110410207889446,0.042953276688423386
MantonBM1,consensus,Dendritic cell,Monocyte non-classical,HLA-DRA,CD4,2.3297694,0.0,1.7968887,1.2928571256184704,1.6270265747253225,0.034671925,0.94047934,0.022110410207889446,0.04303553163898563
MantonBM1,consensus,Monocyte classical,Dendritic cell,VCAN,SELL,1.7660645,0.0,2.2996037,1.5694618517049503,2.0734372076214553,0.047706306,0.94702005,0.009225402007055187,0.04344792406410349
MantonBM1,consensus,Dendritic cell,CD8 T cytotoxic,S100A9,ITGB2,1.763341,0.0,2.9553862,1.0532363234134903,0.6992867920655322,0.02502016,0.9529725,0.022110410207889446,0.0436133935057389
MantonBM1,consensus,B naive,NK,CLEC2D,KLRB1,1.8593905,0.0,1.7881855,1.525036438414117,1.9016893395352263,0.053438384,0.9403433,0.0057680690062146866,0.043696244331147494
MantonBM1,consensus,Granulocyte precursor,Monocyte non-classical,LGALS1,ITGB1,1.7593167,0.0,1.7941296,1.2652266200853894,1.946744551493514,0.017046561,0.9404363,0.030798350448799583,0.0440283918229533
MantonBM1,consensus,CD8 T cytotoxic,Plasmacytoid DC,CCL5,CXCR3,2.0940046,0.0,1.7783257,2.1566846878434642,1.924613625870486,0.14781813,0.94018805,0.0002997763883593947,0.0441116146831403
MantonBM1,consensus,Erythroid early,Platelet,RLN2,RAMP3,0.091973625,0.0,0.0072387713,2.690541482627252,0.21440046244349154,0.2530747,0.50072163,0.0069026678782607995,0.044162668642029154
MantonBM1,consensus,B naive,CD8 T memory,HLA-A,CD8A,1.7568818,0.0,2.6697369,0.7011271405819074,0.8494850176598643,0.02307976,0.9506416,0.02817163635506226,0.04427828350376668
MantonBM1,consensus,Granulocyte precursor,Plasmacytoid DC,S100A9,CD36,1.7910653,0.0,1.7782294,1.1984992789074185,1.3509944196262855,0.026420994,0.9401865,0.022110410207889446,0.04427828350376668
MantonBM1,consensus,Pre-B large,CD8 T cytotoxic,HLA-A,CD8A,1.7557374,0.0,2.9383404,0.802425507147396,0.6161731179181436,0.025401825,0.95284265,0.022727861373711637,0.044612513208307863
MantonBM1,consensus,Granulocyte precursor,NK,LGALS1,CD69,1.7551758,0.0,1.7701131,1.0606290745867848,1.8058964131846533,0.019668682,0.94005775,0.022110410207889446,0.04486396566215489
MantonBM1,consensus,Monocyte classical,Erythroid late,S100A12,CD36,1.7538444,0.0,1.9718198,1.9605185791627517,3.0919963898056766,0.09298776,0.94302696,0.0007716940151226506,0.045031971962579076
MantonBM1,consensus,Monocyte non-classical,CD8 T cytotoxic,CXCL12,CXCR4,1.7504555,0.0,3.0392537,3.2034517173645165,2.993652948225345,0.097785115,0.9535955,0.0003067899642876879,0.045622331880833596
MantonBM1,consensus,Granulocyte precursor,Platelet,RETN,CAP1,1.7470738,0.0,2.9759204,2.2657345545918495,2.8097564161037294,0.08775752,0.9531274,0.00048656086396264863,0.046216325328666694
MantonBM1,consensus,Monocyte classical,CD4 T memory,VCAN,ITGB1,1.746928,0.0,2.1973665,1.8897090920244373,2.7205247315532093,0.062527366,0.9458675,0.0029430531318007046,0.046301477908930126
MantonBM1,consensus,Monocyte classical,Erythroid early,VCAN,ITGB1,1.739174,0.0,2.1559408,1.8772893927711958,2.308116680318512,0.061348572,0.9453782,0.0032345805961625416,0.0469853543940389
MantonBM1,consensus,Pre-B small,Plasmacytoid DC,HLA-DRA,CD4,2.1523788,0.0,1.7321104,1.211923752467512,1.4849915718164137,0.033421993,0.93944335,0.022110410207889446,0.047071173046714314
MantonBM1,consensus,Monocyte classical,HSPC,VCAN,CD44,1.7349664,0.0,2.1334617,1.4391116768919798,1.8703059497328205,0.032925315,0.9451069,0.022110410207889446,0.04784686716137175
MantonBM1,consensus,Monocyte classical,CD8 T memory,HLA-A,CD8A,1.7346871,0.0,2.620411,0.6805931560775014,0.907155507185397,0.02265334,0.95020217,0.03320551362747462,0.04793342475749329
MantonBM1,consensus,CD4 T naive,CD8 T cytotoxic,HLA-C,CD8A,1.7346119,0.0,2.8802068,1.0663989594579666,0.993602079283493,0.034035046,0.9523917,0.022110410207889446,0.04802005618162139
MantonBM1,consensus,B naive,Plasmacytoid DC,HLA-DRA,CD4,2.135966,0.0,1.7173632,1.2022493176542874,1.7285007435935114,0.03313744,0.9391997,0.022110410207889446,0.04828039330143026
MantonBM1,consensus,Granulocyte precursor,CD4 T memory,S100A8,ITGB2,1.8487586,0.0,1.7062855,0.8902869224817661,1.190640235650236,0.016244259,0.9390147,0.036368814760390916,0.048803059268926544
MantonBM1,consensus,Monocyte classical,Monocyte classical,VCAN,SELL,1.7311178,0.0,2.1129005,1.5313332258159376,2.3837109259424074,0.04383306,0.94485515,0.013466731885638947,0.048803059268926544
MantonBM1,consensus,Pre-B small,CD8 T cytotoxic,HLA-E,CD8A,1.7299503,0.0,2.8673792,1.2096494927759665,1.3614955847935954,0.041279048,0.9522904,0.022110410207889446,0.04915297755591434
MantonBM1,cellphonedb,Plasmacytoid DC,Dendritic cell,APP,CD74,2.980818,0.0,6.641003,2.5264356886666093,2.256662515377963,0.05090583,0.96812904,0.008916230564597692,1.0200749419428587e-06
MantonBM1,cellphonedb,Plasmacytoid DC,B naive,APP,CD74,2.9613383,0.0,6.583237,2.515433613377123,2.6751726514765704,0.05046303,0.967994,0.00922214817228517,4.079383669971851e-06
MantonBM1,cellphonedb,HSPC,Dendritic cell,MIF,CD74,2.9553423,0.0,6.4127965,1.2119538109180255,1.4401424658396282,0.013039315,0.96758515,0.037149919606656825,9.17655362326575e-06
MantonBM1,cellphonedb,HSPC,B naive,MIF,CD74,2.9358625,0.0,6.357015,1.200951735628539,1.8586526019382357,0.012925893,0.9674478,0.038126426249845115,1.631020589749074e-05
MantonBM1,cellphonedb,Erythroid early,Dendritic cell,MIF,CD74,2.9355938,0.0,6.2358937,1.190261871647092,1.436779121832257,0.012679613,0.96714354,0.04082462190675006,3.668147984606019e-05
MantonBM1,cellphonedb,Erythroid early,B naive,MIF,CD74,2.916114,0.0,6.1816516,1.179259796357606,1.8552892579308644,0.01256932,0.9670045,0.04258216053177236,4.9916347589515846e-05
MantonBM1,cellphonedb,Plasmacytoid DC,Plasmacytoid DC,APP,CD74,2.8844457,0.0,6.355215,2.472002355395658,2.1110929086279597,0.048715156,0.96744335,0.01016996656081067,8.247766403651015e-05
MantonBM1,cellphonedb,Granulocyte precursor,Dendritic cell,MIF,CD74,2.9079833,0.0,5.9885645,1.1599338825071874,1.593326699662184,0.012176712,0.96649444,0.045888013113858345,0.0001018013757052387
MantonBM1,cellphonedb,HSPC,Plasmacytoid DC,MIF,CD74,2.85897,0.0,6.136829,1.1575204776470742,1.294572859089625,0.012478183,0.9668882,0.04330083092588154,0.0001018013757052387
MantonBM1,cellphonedb,Granulocyte precursor,B naive,MIF,CD74,2.8885036,0.0,5.9364734,1.148931807217701,2.0118368357607914,0.012070794,0.9663527,0.04741748296276142,0.0001465280422082183
MantonBM1,cellphonedb,Erythroid early,Plasmacytoid DC,MIF,CD74,2.8392215,0.0,5.9675393,1.135828538376141,1.2912095150822538,0.012133961,0.96643746,0.04703158480119026,0.0001465280422082183
MantonBM1,cellphonedb,Plasmacytoid DC,Pre-B small,APP,CD74,2.8117254,0.0,6.1395664,2.430927859714885,2.1014292098317098,0.047062125,0.9668953,0.011162734134582105,0.00019935116873132395
MantonBM1,cellphonedb,HSPC,Pre-B small,MIF,CD74,2.7862496,0.0,5.9285903,1.116445981966301,1.284909160293375,0.012054766,0.96633106,0.04780575101267301,0.00029374267599788375
MantonBM1,cellphonedb,B naive,Monocyte non-classical,RPS19,C5AR1,2.609451,0.0,3.3930588,1.349823904549013,0.969169732746366,0.03858887,0.9559721,0.022234864660223074,0.002422805402306468
MantonBM1,cellphonedb,CD4 T naive,Monocyte non-classical,RPS19,C5AR1,2.5775099,0.0,3.344434,1.2938030506712186,0.9410586302921378,0.03803587,0.95566726,0.022234864660223074,0.002831937781745623
MantonBM1,cellphonedb,CD4 T memory,Monocyte non-classical,RPS19,C5AR1,2.5533109,0.0,3.3075953,1.251366817163768,0.8675566494104212,0.037616905,0.95543206,0.022234864660223074,0.0033876175457645047
MantonBM1,cellphonedb,Granulocyte precursor,Monocyte non-classical,RPS19,C5AR1,2.5393944,0.0,3.2864099,1.2269587616778206,0.8792730609468802,0.037375968,0.955295,0.022234864660223074,0.0036236252881798737
MantonBM1,cellphonedb,HSPC,Monocyte non-classical,RPS19,C5AR1,2.507605,0.0,3.2380164,1.1712063759119073,0.7695742276620192,0.03682559,0.9549772,0.022234864660223074,0.0037445674188319542
MantonBM1,cellphonedb,Plasmacytoid DC,Monocyte non-classical,RPS19,C5AR1,2.4335613,0.0,3.1252978,1.041351398564897,0.694154675201254,0.035543658,0.9542093,0.022234864660223074,0.00506138249923117
MantonBM1,cellphonedb,CD8 T memory,Monocyte non-classical,RPS19,C5AR1,2.4131217,0.0,3.0941823,1.0055040340341956,0.6558745191232138,0.035189785,0.9539902,0.022234864660223074,0.005642590366163472
MantonBM1,cellphonedb,CD8 T cytotoxic,Monocyte non-classical,RPS19,C5AR1,2.4069047,0.0,3.084718,0.9946021012361521,0.6615920213985664,0.035082147,0.953923,0.022234864660223074,0.005944825063706714
MantonBM1,cellphonedb,Pre-B small,Monocyte non-classical,RPS19,C5AR1,2.3793557,0.0,3.0427794,0.9462879260896209,0.6297296770648975,0.034605186,0.9536212,0.022234864660223074,0.007063521827983291
MantonBM1,cellphonedb,Erythroid early,Monocyte non-classical,RPS19,C5AR1,2.3750145,0.0,3.0361707,0.9386745255975933,0.5548365784120637,0.03453003,0.9535731,0.031110610571867783,0.0075718683727536654
MantonBM1,cellphonedb,Erythroid late,Monocyte non-classical,RPS19,C5AR1,2.3525944,0.0,3.0020401,0.8993534898723083,0.6574659664668119,0.034141865,0.9533222,0.022234864660223074,0.009583443614069338
MantonBM1,cellphonedb,Monocyte non-classical,Dendritic cell,APP,CD74,2.5132775,0.0,2.4528615,1.3551313766947137,1.7296345930532457,0.018802123,0.94861543,0.022234864660223074,0.013145202297813664
MantonBM1,cellphonedb,Plasmacytoid DC,Pre-B large,APP,CD74,2.3150918,0.0,4.666821,2.1504154839122904,1.2814356579309052,0.035772968,0.9622132,0.022234864660223074,0.013371728475621673
MantonBM1,cellphonedb,Monocyte non-classical,B naive,APP,CD74,2.4937978,0.0,2.4315255,1.3441293014052276,2.148144729151853,0.018638574,0.9484021,0.022234864660223074,0.013371728475621673
MantonBM1,cellphonedb,B naive,Monocyte classical,RPS19,C5AR1,2.4957774,0.0,2.3796022,0.9912687893166623,0.9565727249838706,0.027062947,0.9478714,0.022234864660223074,0.013600133351772037
MantonBM1,cellphonedb,Platelet,Plasmacytoid DC,PF4,CXCR3,2.7073252,0.0,2.3665366,6.92991205440094,4.192780205956913,0.41161564,0.9477352,1.3171822356413911e-07,0.014296624004063709
MantonBM1,cellphonedb,Monocyte non-classical,Plasmacytoid DC,APP,CD74,2.4169052,0.0,2.3473055,1.3006980434237625,1.5840649863032426,0.017992996,0.9475327,0.022234864660223074,0.014532539936520414
MantonBM1,cellphonedb,NK,Monocyte non-classical,RPS19,C5AR1,2.2971847,0.0,2.9176888,0.8021779671250551,0.5151868935011004,0.033182543,0.952684,0.04099788265828837,0.01477033283383113
MantonBM1,cellphonedb,CD4 T naive,Monocyte classical,RPS19,C5AR1,2.4638362,0.0,2.345501,0.9352479354388679,0.9284616225296424,0.026675118,0.94751364,0.022234864660223074,0.01477033283383113
MantonBM1,cellphonedb,CD4 T memory,Monocyte classical,RPS19,C5AR1,2.4396372,0.0,2.3196654,0.8928117019314171,0.8549596416479258,0.026381291,0.9472375,0.022234864660223074,0.016236361102231103
MantonBM1,cellphonedb,Granulocyte precursor,Monocyte classical,RPS19,C5AR1,2.4257207,0.0,2.3048077,0.8684036464454699,0.8666760531843848,0.026212318,0.94707674,0.022234864660223074,0.016487235974558197
MantonBM1,cellphonedb,HSPC,Monocyte classical,RPS19,C5AR1,2.3939314,0.0,2.2708685,0.8126512606795566,0.7569772198995238,0.025826331,0.9467037,0.022234864660223074,0.01725102962927564
MantonBM1,cellphonedb,Monocyte non-classical,Pre-B small,APP,CD74,2.3441849,0.0,2.2676554,1.2596235477429896,1.5744012875069926,0.017382447,0.94666797,0.022234864660223074,0.01750934683373552
MantonBM1,cellphonedb,Plasmacytoid DC,Monocyte classical,RPS19,C5AR1,2.3198876,0.0,2.1918175,0.6827962833325464,0.6815576674387586,0.024927294,0.94580275,0.031110610571867783,0.0188287788235625
MantonBM1,cellphonedb,CD8 T memory,Monocyte classical,RPS19,C5AR1,2.299448,0.0,2.1699955,0.6469489188018449,0.6432775113607184,0.024679117,0.94554573,0.038126426249845115,0.01909822246030532
MantonBM1,cellphonedb,CD8 T cytotoxic,Monocyte classical,RPS19,C5AR1,2.293231,0.0,2.1633582,0.6360469860038014,0.648995013636071,0.02460363,0.9454668,0.03979656129521217,0.019369515686109492
MantonBM1,cellphonedb,Monocyte classical,Dendritic cell,TNFSF13B,HLA-DPB1,2.198362,0.0,3.1796076,1.924205904363067,2.516178589574569,0.04557182,0.95458424,0.015840992438603783,0.022768815182801265
MantonBM1,cellphonedb,Granulocyte precursor,Dendritic cell,TNFSF13B,HLA-DPB1,2.120168,0.0,2.6347318,1.760781822195095,2.082483858090809,0.03776237,0.950331,0.022234864660223074,0.02852534063028012
MantonBM1,cellphonedb,Monocyte non-classical,Pre-B large,CXCL12,CXCR4,2.1087382,0.0,4.1806326,3.4878924201640045,3.3563785142242413,0.1345079,0.96016157,0.00013648916880569073,0.029684220228416998
MantonBM1,cellphonedb,Dendritic cell,Dendritic cell,TNFSF13B,HLA-DPB1,2.1040254,0.0,2.5222445,1.7270437281520352,1.8720002924655603,0.036150143,0.94929105,0.022234864660223074,0.030019383586871867
MantonBM1,cellphonedb,Plasmacytoid DC,Monocyte non-classical,APP,CD74,2.069728,0.0,3.939205,2.0118272562832438,1.2730991807191525,0.030195514,0.9590083,0.022234864660223074,0.030356347065439975
MantonBM1,cellphonedb,Monocyte non-classical,CD8 T memory,CXCL12,CXCR4,2.0684881,0.0,4.0524077,3.4559378913066134,3.5666039268106413,0.13038237,0.95956147,0.00015751224407561842,0.03069511304805041
MantonBM1,cellphonedb,Monocyte non-classical,Dendritic cell,TNFSF13B,HLA-DPB1,2.0115855,0.0,1.8781013,1.5338466617561282,1.929521587544555,0.026917944,0.94170463,0.022234864660223074,0.033116706012808354
MantonBM1,cellphonedb,CD4 T memory,NK,CLEC2D,KLRB1,1.9520888,0.0,2.3724346,1.6346145645486185,1.9665099489766287,0.07089816,0.9477968,0.003569897139173002,0.03418137607984546
MantonBM1,cellphonedb,Plasmacytoid DC,HSPC,APP,CD74,1.9397924,0.0,3.5538871,1.9384359923659984,1.0059100632340223,0.027241906,0.9569364,0.022234864660223074,0.035262094924117
MantonBM1,cellphonedb,CD8 T cytotoxic,NK,CLEC2D,KLRB1,1.9302577,0.0,2.234839,1.6088078880384693,1.9792870517718812,0.06678624,0.9462988,0.003926425790588074,0.035991482093451294
MantonBM1,cellphonedb,CD4 T naive,NK,CLEC2D,KLRB1,1.9160726,0.0,2.1454349,1.5920397904012675,1.985552857186733,0.06411447,0.94525194,0.004240733238878164,0.03672796827124064
MantonBM1,cellphonedb,Pre-B large,NK,CLEC2D,KLRB1,1.8853121,0.0,1.9515612,1.5556779948185957,1.7090251985805969,0.058320723,0.9427489,0.005819056075404685,0.03974477201266874
MantonBM1,cellphonedb,CD8 T memory,NK,CLEC2D,KLRB1,1.8795801,0.0,1.9154346,1.5489023010088587,1.9237618510643144,0.05724111,0.94224256,0.006141791845190716,0.04012981946808471
MantonBM1,cellphonedb,B naive,NK,CLEC2D,KLRB1,1.8593905,0.0,1.7881855,1.525036438414117,1.9016893395352263,0.053438384,0.9403433,0.008126638328619736,0.04208146266107872
MantonBM1,cellphonedb,Monocyte non-classical,B naive,CXCL12,CXCR4,1.8557832,0.0,3.3747954,3.2870713881295237,3.3142155408818574,0.10858085,0.95585835,0.0003297651907991149,0.04247705940895649
MantonBM1,cellphonedb,Monocyte non-classical,Pre-B large,APP,CD74,1.8475512,0.0,1.7236954,0.9791111719403947,0.7544077356061878,0.013212783,0.93930465,0.035877235966562726,0.04287440955628019
MantonBM1,cellphonedb,Monocyte non-classical,Pre-B small,CXCL12,CXCR4,1.8116386,0.0,3.2341642,3.2520248139528527,3.2768795874002565,0.10405617,0.9549516,0.00040694790202487206,0.04407697558184341
MantonBM1,cellphonedb,Pre-B small,NK,CLEC2D,KLRB1,1.8148198,0.0,1.5072701,1.472349467984307,1.8525639079585199,0.045043465,0.93536544,0.01661279553722069,0.04570484942759047
MantonBM1,cellphonedb,Monocyte non-classical,CD8 T cytotoxic,CXCL12,CXCR4,1.7504555,0.0,3.0392537,3.2034517173645165,2.993652948225345,0.097785115,0.9535955,0.000543745104281278,0.047360611011684525
