source,target,ligand_complex,receptor_complex,lr_means,cellphone_pvals,expr_prod,scaled_weight,lr_logfc,spec_weight,lrscore,specificity_rank,magnitude_rank
NK,NK,B2M,KLRD1,3.739877,0.0,11.058282,1.8037958156624425,2.083788886629522,0.030774225,0.9774453,0.011423786414246474,3.330634386550513e-08
CD8 T cytotoxic,NK,B2M,KLRD1,3.6725526,0.0,10.7851305,1.7233969952013297,2.0092020827949493,0.030014072,0.97716796,0.012869564720143202,2.997327557473985e-07
CD8 T memory,NK,B2M,KLRD1,3.6331825,0.0,10.625397,1.6763885396361375,1.9287506483715946,0.029569546,0.9770009,0.013828032702183569,5.328366614628256e-07
CD4 T memory,NK,B2M,KLRD1,3.5219622,0.0,10.174149,1.543577256487213,1.7442763313525709,0.028313762,0.97650826,0.01700611612683324,1.1987851321402158e-06
T proliferating,NK,B2M,KLRD1,3.5138295,0.0,10.141152,1.533868268056964,1.716331173104245,0.028221935,0.976471,0.017295197023718213,1.6316136463023807e-06
Monocyte non-classical,NK,B2M,KLRD1,3.4305303,0.0,9.803187,1.4344043646959577,1.6084647152527611,0.02728141,0.97607845,0.02062134481572313,2.131000830463268e-06
Pre-B large,CD8 T memory,HMGB1,CXCR4,3.3855886,0.0,10.852417,1.5211282667416064,2.193120470515231,0.0103413975,0.9772372,0.02477959028998921,4.0284330020989516e-06
Plasmacytoid DC,NK,B2M,KLRD1,3.375885,0.0,9.581478,1.3691483252723948,1.5227335660227408,0.026664412,0.97580993,0.023087256974242847,5.6260327104868714e-06
Pre-B large,Pre-B large,HMGB1,CXCR4,3.343348,0.0,10.500426,1.488191921567291,1.8976444014608758,0.010005981,0.9768676,0.02763534611776184,7.489671622450508e-06
CD4 T naive,NK,B2M,KLRD1,3.299649,0.0,9.272171,1.2781096600129005,1.388537313442241,0.025803635,0.9754196,0.026226237744022562,1.201481221708865e-05
Monocyte classical,NK,S100A9,ITGB2,3.4593103,0.0,8.625128,1.7212823005437845,3.741781124983765,0.053289156,0.9745373,0.001041022313267229,1.467618205419323e-05
Platelet,NK,B2M,KLRD1,3.2664726,0.0,9.137566,1.2384981571336862,1.6684986742599515,0.025429042,0.9752437,0.02785370752733073,1.6106540129232367e-05
Monocyte classical,NK,B2M,KLRD1,3.2461524,0.0,9.055122,1.2142388800207469,1.375107547264705,0.025199609,0.975134,0.028691143315759452,1.760333536208794e-05
T activated,NK,B2M,KLRD1,3.2301173,0.0,8.990064,1.1950865731340798,1.3458291113694765,0.025018558,0.97504646,0.0292990806220669,2.079620169890588e-05
Monocyte classical,NK,S100A8,ITGB2,3.3926349,0.0,8.407596,1.7145172390647685,3.669429291017063,0.057699993,0.9742185,0.0007718759948335247,2.079620169890588e-05
Pre-B large,Pre-B small,HMGB1,CXCR4,3.2091618,0.0,9.382257,1.3835610508749023,1.9792659276638687,0.008940464,0.9755607,0.03817706174076205,2.4254718897940013e-05
Pre-B large,B naive,HMGB1,CXCR4,3.2081366,0.0,9.373714,1.382761354717839,1.994725500996694,0.008932323,0.9755498,0.038508072477059334,2.6083578089835124e-05
Monocyte classical,Erythroid early,S100A9,CD36,3.410087,0.0,8.104607,2.3194794705664377,3.7970305093368726,0.114122644,0.9737535,4.624821178900937e-05,2.6083578089835124e-05
Pre-B small,NK,B2M,KLRD1,3.20494,0.0,8.887914,1.1650209872034045,1.2964572167476591,0.024734281,0.97490704,0.030960420008538898,2.994045013362976e-05
Monocyte classical,Erythroid early,S100A8,CD36,3.3434114,0.0,7.9002023,2.312714409087422,3.7246786753701704,0.12356878,0.9734251,4.803548010475457e-05,3.196845046574603e-05
Monocyte classical,T proliferating,S100A9,ITGB2,3.3904648,0.0,7.897108,1.6460463317719916,3.2518457551021487,0.048791185,0.97342,0.0014503567590472078,3.4062815010160976e-05
Dendritic cell,NK,B2M,KLRD1,3.1882384,0.0,8.820151,1.1450761036317605,1.2380078701520922,0.024545703,0.9748133,0.031598615580553074,3.622353566181191e-05
Monocyte classical,Dendritic cell,S100A9,ITGB2,3.3788471,0.0,7.774256,1.6333505378593853,3.265320487325148,0.04803216,0.9732164,0.0015564240353066318,3.622353566181191e-05
B naive,NK,B2M,KLRD1,3.160825,0.0,8.708928,1.11234347629022,1.2099703965019568,0.024236182,0.974657,0.03307620044911656,4.074400396214294e-05
Monocyte classical,T proliferating,S100A8,ITGB2,3.3237894,0.0,7.697937,1.6392812702929755,3.1794939211354465,0.05282972,0.97308755,0.0010927356127618194,4.3103744051271635e-05
Pre-B large,T activated,HMGB1,CXCR4,3.147527,0.0,8.868658,1.3355009766153572,1.734892989048911,0.008451049,0.9748805,0.04746072276902825,4.3103744051271635e-05
Monocyte classical,Dendritic cell,S100A8,ITGB2,3.312172,0.0,7.5781837,1.6265854763803693,3.1929686533584456,0.05200787,0.9728815,0.0011510507276547466,5.320586022732163e-05
Monocyte classical,T activated,S100A8,CD69,3.3035996,0.0,7.4898205,1.5906412066304256,3.3343951455785383,0.05975665,0.97272635,0.000653156048872431,5.8654687655436206e-05
Monocyte classical,CD8 T memory,S100A8,CD69,3.2403634,0.0,6.8379836,1.5254140339677031,3.4734125039395085,0.054556046,0.97149223,0.0009468310237146626,0.0001360742025619703
Plasmacytoid DC,Dendritic cell,APP,CD74,3.0144258,0.0,6.6961546,2.5141872152047164,2.345370091047009,0.04685771,0.9712005,0.001823480135814699,0.00015813416712313644
Plasmacytoid DC,B naive,APP,CD74,2.9983869,0.0,6.649056,2.505064090725905,2.787858028418875,0.046528127,0.97110164,0.00185714427999839,0.000167420609725196
Monocyte classical,Monocyte non-classical,S100A9,CD68,3.268873,0.0,6.6113124,2.1804238810165444,3.849758073241734,0.10965295,0.97102165,7.15906543478533e-05,0.00018678587213976302
Pre-B large,NK,B2M,KLRD1,2.9233313,0.0,7.745359,0.8287496308695217,0.9129770663914627,0.02155465,0.9731679,0.04906720458473178,0.00018678587213976302
Monocyte classical,Monocyte non-classical,S100A9,ITGB2,3.2682083,0.0,6.6042833,1.5124418957799928,3.3112100637563504,0.040803645,0.9710067,0.0034786420279199594,0.0001917922552793431
Plasmacytoid DC,Plasmacytoid DC,APP,CD74,2.9641495,0.0,6.5485168,2.4855857750180803,2.2741382236302856,0.045824584,0.9708871,0.0020316046092319216,0.00020200297383875146
CD8 T cytotoxic,NK,HLA-B,KLRD1,2.9020705,0.0,7.659098,1.677586980853837,2.044288920877895,0.03353357,0.97302127,0.008048663043506177,0.00023421842613105117
Monocyte classical,Monocyte non-classical,S100A8,CD68,3.2021976,0.0,6.44457,2.173658819537528,3.777406239275032,0.11872912,0.9706601,7.559422080581354e-05,0.0002398185148706912
Monocyte classical,Monocyte non-classical,S100A8,ITGB2,3.2015328,0.0,6.4377184,1.505676834300977,3.238858229789648,0.044181038,0.97064495,0.002436349342438381,0.0002454844870312805
CD8 T memory,NK,HLA-B,KLRD1,2.8550937,0.0,7.4685025,1.6339764254439442,1.9857801939352586,0.032699093,0.9726885,0.008889744564774024,0.000299443763356226
NK,NK,HLA-B,KLRD1,2.8363845,0.0,7.392595,1.6166097592598783,1.958657027989931,0.03236675,0.9725525,0.009369905182545248,0.0003450997304575241
Monocyte classical,T proliferating,S100A8,CD69,3.1648822,0.0,6.059923,1.4475578258017952,2.979959079061773,0.048348382,0.96977097,0.0015205199550098443,0.00035188520866953133
Monocyte classical,CD8 T cytotoxic,S100A9,ITGB2,3.2080593,0.0,5.968228,1.4467105713133845,3.338040771824141,0.036873862,0.96954674,0.0054202957944428564,0.00040122511346942836
Monocyte classical,CD8 T cytotoxic,S100A8,ITGB2,3.141384,0.0,5.817704,1.4399455098343683,3.2656889378574387,0.03992598,0.96916735,0.003772817905457153,0.0004460798207716383
T activated,NK,HLA-B,KLRD1,2.7977417,0.0,7.235811,1.5807340955517242,1.8746093077773271,0.03168031,0.97226495,0.01035927773206341,0.0005013983839205636
Plasmacytoid DC,Pre-B small,APP,CD74,2.7916646,0.0,6.0420094,2.387460287323939,2.0696388536324095,0.042280193,0.9697276,0.0029271205752096612,0.0005260907605689058
T proliferating,NK,HLA-B,KLRD1,2.7572749,0.0,7.0716276,1.5431659361140329,1.735937002993441,0.030961469,0.9719538,0.011347629981400697,0.0007154549208256012
Monocyte classical,Plasmacytoid DC,S100A9,CD68,3.1152537,0.0,4.9868374,1.8901194062488111,3.5733828940507295,0.08270997,0.9667797,0.00013695360418679057,0.000978501105376169
Monocyte classical,CD4 T memory,S100A8,CD69,3.0597093,0.0,4.975805,1.339075142935615,3.068834052152377,0.039698873,0.9667441,0.003870719966972114,0.0009898717219741608
Monocyte classical,Plasmacytoid DC,S100A8,CD68,3.0485783,0.0,4.861066,1.8833543447697951,3.5010310600840273,0.08955602,0.96636707,0.00013938622731796862,0.0011806641992693414
Monocyte classical,Pre-B small,S100A8,CD69,3.0463858,0.0,4.838466,1.3253324771545552,3.2520494552150803,0.03860313,0.96629125,0.004385225044158498,0.001205685562876793
Monocyte non-classical,NK,HLA-B,KLRD1,2.6490207,0.0,6.632414,1.4426676753293561,1.6574856744568027,0.029038476,0.9710665,0.015016517348300031,0.0012565086470515611
CD4 T memory,NK,HLA-B,KLRD1,2.6288643,0.0,6.5506353,1.423955100150103,1.5986938786734721,0.028680423,0.97089165,0.015991317243595912,0.0013881180496596425
Pre-B small,NK,HLA-B,KLRD1,2.580082,0.0,6.3527136,1.3786660585672248,1.6410649211442063,0.027813872,0.970455,0.018818894838629262,0.0015689198567970146
Granulocyte precursor,NK,S100A8,ITGB2,2.5798464,0.0,5.7558265,1.2835911569513059,1.8214470153450033,0.039501324,0.9690072,0.003981435005343744,0.0015832816857781944
Granulocyte precursor,Erythroid early,S100A8,CD36,2.530623,0.0,5.4084654,1.8817883269739593,1.876696399698111,0.084594995,0.9680587,0.00014061320961893407,0.001852877314972199
Granulocyte precursor,T proliferating,S100A8,ITGB2,2.5110006,0.0,5.269995,1.208355188179513,1.331511645463387,0.03616714,0.96765524,0.005912765708901329,0.0019474027826841657
Dendritic cell,NK,HLA-B,KLRD1,2.5079927,0.0,6.0602307,1.3117420284273154,1.4131492363593354,0.026533304,0.96977174,0.02343910515066233,0.002044255748391254
Granulocyte precursor,Dendritic cell,S100A8,ITGB2,2.4993832,0.0,5.188012,1.1956593942669067,1.3449863776863862,0.035604503,0.967409,0.006296902064063892,0.002110116365072884
Plasmacytoid DC,NK,HLA-B,KLRD1,2.498334,0.0,6.0210414,1.3027756109889574,1.4914803868272895,0.026361722,0.9696765,0.02390163733267721,0.0021434339671605523
Monocyte classical,Monocyte classical,S100A9,ITGB2,3.0417004,0.0,4.209036,1.2649103615250774,3.0943374311290324,0.026004942,0.9639463,0.025772744587222583,0.002160189723038856
Granulocyte precursor,T activated,S100A8,CD69,2.4908109,0.0,5.127519,1.159715124516963,1.486412869906479,0.04090931,0.9672236,0.004505318940532671,0.0022620788111941837
Monocyte classical,CD8 T memory,S100A9,ITGB2,3.0333726,0.0,4.1209717,1.2558097792211191,3.0514692124277234,0.02546085,0.9635771,0.027774779969167062,0.002401542346346303
Granulocyte precursor,NK,S100A9,ITGB2,2.4740026,0.0,5.4105053,1.2063546872805104,1.6116442275094947,0.033428054,0.9680645,0.008173155634218764,0.0024192650914478067
Monocyte classical,Monocyte classical,S100A8,ITGB2,2.9750252,0.0,4.1028805,1.2581453000460614,3.02198559716233,0.028157419,0.9634998,0.017528732457497743,0.0024370527996707735
Monocyte classical,Monocyte classical,S100A9,CD36,3.030427,0.0,4.0898223,1.6555111224578412,3.658733331163602,0.057589635,0.9634437,0.0007756797710725249,0.0024728203489944277
Monocyte classical,CD8 T memory,S100A8,ITGB2,2.9666972,0.0,4.0170374,1.2490447177421031,2.979117378461021,0.02756829,0.9631262,0.019564876824723538,0.0025633670803527167
Monocyte classical,Monocyte classical,S100A8,CD36,2.9637516,0.0,3.9866738,1.6487460609788251,3.5863814971969,0.062356435,0.9629911,0.0005262659073905277,0.0026555226681237733
Granulocyte precursor,CD8 T memory,S100A8,CD69,2.4275749,0.0,4.6812725,1.0944879518542405,1.625430228267449,0.037348982,0.9657492,0.00742790518282782,0.0028254534581669015
Granulocyte precursor,Erythroid early,S100A9,CD36,2.4247794,0.0,5.0839844,1.8045518573031638,1.6668936118626023,0.071588635,0.96708816,0.0002525894584775768,0.002922108448115703
CD8 T cytotoxic,T proliferating,HLA-B,CD8A,2.4153974,0.0,3.9842105,1.1346526926800555,1.1480376388166214,0.022544246,0.96298015,0.04256042367837129,0.003020368444567373
Monocyte classical,Monocyte classical,S100A9,CD68,3.006463,0.0,3.836412,1.6845298530321258,3.6577040692259883,0.0636294,0.96230036,0.0004777009597041127,0.0031001309968988226
CD4 T naive,NK,HLA-B,KLRD1,2.4089212,0.0,5.658273,1.2197683239841184,1.3026475040734695,0.024773426,0.96874946,0.030749537512901687,0.0031202318179482224
Monocyte classical,B naive,S100A8,CD69,2.9490006,0.0,3.8346202,1.2248821544953883,3.0319514088530597,0.030594064,0.96229196,0.012001072455038743,0.0031202318179482224
Granulocyte precursor,T proliferating,S100A9,ITGB2,2.405157,0.0,4.9538217,1.1311187185087175,1.1217088576278784,0.030606497,0.9666729,0.01195524361517841,0.003160626425223614
Monocyte classical,T activated,LGALS1,CD69,2.402016,0.0,4.8694434,1.2929125542141786,2.0313812336403694,0.025152808,0.966395,0.02885246147725634,0.0031809195768382056
Monocyte classical,Monocyte classical,S100A8,CD68,2.9397876,0.0,3.7396545,1.6777647915531098,3.585352235259286,0.06889612,0.9618344,0.00031939101493372156,0.0033873774562929136
Granulocyte precursor,Dendritic cell,S100A9,ITGB2,2.3935394,0.0,4.876757,1.1184229245961113,1.1351835898508775,0.030130362,0.9664194,0.012749896194086771,0.003471753059712238
Granulocyte precursor,Monocyte non-classical,S100A8,CD68,2.3894088,0.0,4.411942,1.7427327374240658,1.9294239636029722,0.08128177,0.96475554,0.00021472998896829906,0.0035143251057031142
Granulocyte precursor,Monocyte non-classical,S100A8,ITGB2,2.388744,0.0,4.4072514,1.0747507521875144,1.390875954117589,0.030246267,0.9647375,0.012489170155423434,0.003578662566678432
B naive,NK,HLA-B,KLRD1,2.3863258,0.0,5.566598,1.1987892432556675,1.3531941056620185,0.024372049,0.96850127,0.03246255019127726,0.0036002360585752286
Monocyte classical,Erythroid late,S100A9,CD36,2.982479,0.0,3.5827894,1.5716571544464402,3.4719958351892455,0.050450005,0.96103996,0.0012737585876008695,0.0039767644536545
CD8 T memory,T proliferating,HLA-B,CD8A,2.3684206,0.0,3.885064,1.0910421372701626,1.0895289118739848,0.021983234,0.9625283,0.04601191888038529,0.00420686693520199
Monocyte classical,Erythroid late,S100A8,CD36,2.915804,0.0,3.4924288,1.5648920929674242,3.3996440012225433,0.054625843,0.9605589,0.0009338529366230043,0.004395536568337068
NK,NK,B2M,KLRC1,3.044065,0.0,3.4723527,1.4623944470854668,1.4986344042374267,0.040067535,0.9604495,0.0037298319567341327,0.004515524037997556
Monocyte classical,NK,S100A8,CD69,2.9119055,0.0,3.4522464,1.1866200083365566,2.94985431090456,0.027543342,0.96033907,0.019722649807776275,0.004661607695379741
Granulocyte precursor,T proliferating,S100A8,CD69,2.3520935,0.0,4.1486135,1.0166317436883325,1.131976803389714,0.033099227,0.9636942,0.012678442580293773,0.004710810308427862
NK,T proliferating,HLA-B,CD8A,2.3497114,0.0,3.8455772,1.0736754710860967,1.062405745928657,0.021759802,0.9623437,0.04799763497715493,0.004735507689440201
Plasmacytoid DC,Pre-B large,APP,CD74,2.3403478,0.0,4.7167025,2.1307115959448333,1.3515743937038398,0.033006087,0.96587366,0.008665074244366158,0.004834930217445652
Monocyte classical,CD8 T memory,LGALS1,CD69,2.3387797,0.0,4.4456573,1.2276853815514561,2.1703985920013396,0.022963766,0.96488476,0.04007069732272577,0.004859945201464038
CD8 T cytotoxic,NK,B2M,KLRC1,2.9767404,0.0,3.3865821,1.381995626624354,1.424047600402854,0.039077826,0.9599718,0.0041743731895501806,0.005087931764162117
Granulocyte precursor,CD8 T cytotoxic,S100A8,ITGB2,2.3285952,0.0,3.982791,1.0090194277209057,1.4177066621853793,0.027333263,0.96297383,0.02039424906068262,0.005165069171303355
Granulocyte precursor,T activated,LGALS1,CD69,2.3251898,0.0,4.646155,1.2399572540050263,1.8433540706004317,0.023999425,0.96562445,0.03405540653708263,0.005321055501933518
CD8 T memory,NK,B2M,KLRC1,2.9373703,0.0,3.3364248,1.334987171059162,1.3435961659794993,0.03849906,0.9596841,0.004409074100173618,0.005399903987750732
Monocyte classical,NK,HLA-B,KLRD1,2.3152122,0.0,5.2780724,1.1327707149342972,1.2973481508340914,0.023108806,0.9676792,0.03898379011823246,0.005612952581389703
T proliferating,T proliferating,HLA-A,CD8A,2.300961,0.0,3.742687,1.153832567473021,1.0529797962267624,0.023933047,0.9618492,0.03432563835804334,0.006276372724047992
CD4 T memory,NK,B2M,KLRC1,2.82615,0.0,3.194731,1.2021758879102376,1.1591218489604755,0.03686405,0.95883614,0.005433979773197327,0.006390478014964849
NK,T proliferating,HLA-C,CD8A,2.2914937,0.0,3.7227056,1.2108503200407592,1.3189027339078572,0.026140705,0.9617508,0.025101997785173594,0.0064767184219044135
T proliferating,NK,B2M,KLRC1,2.8180175,0.0,3.1843698,1.1924668994799883,1.1311766907121497,0.036744498,0.958772,0.005530400085697048,0.006563525905862573
CD8 T memory,T proliferating,HLA-A,CD8A,2.2873077,0.0,3.7138712,1.141672078469075,1.1785690257547863,0.023748782,0.9617071,0.03532819883426548,0.006650900248003475
NK,T proliferating,HLA-A,CD8A,2.2850444,0.0,3.709094,1.1396564597456018,1.1725159244119832,0.023718232,0.9616834,0.03542025629841913,0.006827348631490077
Granulocyte precursor,Monocyte non-classical,S100A9,CD68,2.2835653,0.0,4.1472473,1.6654962677532703,1.7196211757674635,0.06878482,0.96368843,0.0003215148100381971,0.006856976629514976
Granulocyte precursor,Monocyte non-classical,S100A9,ITGB2,2.2829006,0.0,4.142838,0.9975142825167188,1.1810731662820804,0.025595948,0.96366984,0.027304226185772253,0.006886668439501741
Plasmacytoid DC,Monocyte non-classical,APP,CD74,2.2748504,0.0,4.524367,2.0934502499617027,1.4154501534670059,0.03166018,0.9651809,0.010442908378073214,0.007006061821677378
Dendritic cell,T activated,LGALS1,CD69,2.268873,0.0,4.482475,1.2011388498195976,1.3547091663258877,0.023153946,0.96502423,0.03878821371274516,0.007187038067878534
Granulocyte precursor,CD8 T memory,LGALS1,CD69,2.2619536,0.0,4.2418017,1.1747300813423038,1.982371428961402,0.021910762,0.9640808,0.046558167524322125,0.007339579379659863
Monocyte non-classical,NK,B2M,KLRC1,2.7347183,0.0,3.0782473,1.0930029961189822,1.0233102328606658,0.035519946,0.95809686,0.008927554077696,0.007555773677934714
Granulocyte precursor,CD4 T memory,S100A8,CD69,2.2469208,0.0,3.406428,0.9081490608221524,1.2208517764803175,0.027177785,0.96008384,0.025065066730603637,0.007649369022679016
Granulocyte precursor,Plasmacytoid DC,S100A8,CD68,2.2357898,0.0,3.3278778,1.4524282626563325,1.653048784411968,0.061309908,0.9596344,0.0007643054281638085,0.007933539574469958
Granulocyte precursor,Pre-B small,S100A8,CD69,2.2335973,0.0,3.312406,0.8944063950410924,1.4040671795430208,0.026427642,0.95954406,0.027382293839920215,0.00806146572843427
NK,CD8 T memory,HLA-C,CD8A,2.233236,0.0,3.311674,1.1143730739591797,1.5473664421004845,0.023254458,0.9595398,0.038060376570309314,0.008093604492855205
Plasmacytoid DC,NK,B2M,KLRC1,2.6800728,0.0,3.0086296,1.0277469566954194,0.9375790836306455,0.034716625,0.9576352,0.014388526483275878,0.008287747022298297
CD8 T cytotoxic,T proliferating,HLA-A,CD8A,2.225899,0.0,3.5842648,1.0869738298782876,1.0839912121415631,0.022919998,0.96104765,0.040320382500643126,0.00848414064471658
Pre-B large,NK,HLA-B,KLRD1,2.2232237,0.0,4.904854,1.0473738420245935,1.1131758406421919,0.021474754,0.9665125,0.04946503256501777,0.008583181068701777
Granulocyte precursor,CD8 T cytotoxic,S100A9,ITGB2,2.2227516,0.0,3.7438433,0.9317829580501104,1.2079038743498707,0.023130814,0.9618548,0.038837049035761316,0.00864951964027227
Monocyte classical,CD4 T naive,S100A8,CD69,2.8633926,0.0,2.9521756,1.136580001346672,2.697915350645993,0.023553586,0.95724934,0.03648994321476869,0.008716110014222995
CD8 T cytotoxic,T proliferating,HLA-C,CD8A,2.2096837,0.0,3.5500414,1.1419138593093434,1.2118061800673958,0.024928262,0.96086764,0.02970892057729238,0.008951137191613891
Monocyte classical,Erythroid early,S100A12,CD36,2.1938396,0.0,4.3760004,2.2747923586619647,3.3667891828056766,0.19246165,0.96461624,5.432327373268655e-05,0.009569519837826352
CD4 T naive,NK,B2M,KLRC1,2.603837,0.0,2.9115055,0.9367082914359248,0.8033828310501456,0.03359591,0.9569646,0.03241899899047476,0.009569519837826352
NK,Dendritic cell,B2M,CD1C,2.991069,0.0,2.8945782,1.9359226420188023,1.1875969861724622,0.053198103,0.9568444,0.0035923466461213346,0.009886275219237508
Monocyte classical,Platelet,S100A9,CD68,2.9159577,0.0,2.8793445,1.5134949945332736,3.5600300450164264,0.047755815,0.95673525,0.0016236891145838478,0.009957348191470206
NK,T proliferating,HLA-C,CD8B,2.1806087,0.0,2.9403663,0.9576926864214285,1.0292938630972444,0.023060614,0.95716727,0.03927833142413164,0.010064425810512742
Platelet,NK,B2M,KLRC1,2.5706606,0.0,2.8692389,0.8970967885567107,1.0833441918678561,0.033108193,0.9566625,0.026916029786881773,0.010064425810512742
Platelet,T proliferating,PF4,CXCR3,2.5867689,0.0,2.8544621,8.472266546746845,4.128345905312782,0.33457825,0.9565553,4.974288341325539e-08,0.010316444108545925
Monocyte classical,NK,B2M,KLRC1,2.5503402,0.0,2.8433511,0.8728375114437713,0.7899530648726096,0.032809477,0.9564742,0.034779062269606094,0.01042538193694862
NK,CD8 T memory,HLA-C,CD8B,2.1645784,0.0,2.8272648,0.933407699752864,1.3509283762979138,0.022173585,0.9563559,0.044931675540257954,0.010608187656226446
CD8 T cytotoxic,Dendritic cell,B2M,CD1C,2.9237447,0.0,2.823079,1.8555238215576895,1.1130101823378895,0.051884055,0.956325,0.005613930087690136,0.010681745267276199
T activated,NK,B2M,KLRC1,2.534305,0.0,2.8229227,0.8536852045571043,0.7606746289773811,0.032573752,0.95632386,0.04209595249350679,0.010718615907445756
Monocyte classical,CD8 T cytotoxic,S100A8,CD69,2.8508377,0.0,2.8227582,1.1236303101058513,2.712382079742174,0.022521043,0.9563226,0.042767897299192566,0.010755548509358316
Monocyte classical,Platelet,LGALS1,ITGB1,2.161636,0.0,3.2585027,1.3507095208253974,2.4250281214258087,0.021774378,0.9592244,0.04422187369471936,0.01090390065105273
Monocyte classical,Platelet,S100A8,CD68,2.8492823,0.0,2.806725,1.5067299330542578,3.487678211049724,0.05170865,0.9562035,0.0012011845168576425,0.01112828524420105
CD8 T memory,Dendritic cell,B2M,CD1C,2.8843746,0.0,2.7812676,1.8085153659924973,1.0325587479145348,0.05111562,0.9560123,0.008353167105720394,0.011583735055865694
CD8 T cytotoxic,CD8 T memory,HLA-C,CD8A,2.151426,0.0,3.1580744,1.045436613227764,1.4402698882600231,0.022175884,0.9586078,0.04487809095347157,0.011583735055865694
CD8 T memory,T proliferating,HLA-C,CD8A,2.151103,0.0,3.4264042,1.0925512695122146,1.1143869102808637,0.024060085,0.9601958,0.03383125501401264,0.01162209055607777
Monocyte classical,Dendritic cell,TNFSF13B,HLA-DPB1,2.1503198,0.0,2.9544983,1.619549247940372,2.3171245470426296,0.035723064,0.95726544,0.006251771172189001,0.01173752998966391
Granulocyte precursor,Monocyte classical,S100A8,CD36,2.150963,0.0,2.7292705,1.2178199788653625,1.7383992215248405,0.042689115,0.9556138,0.003190246615132924,0.012244180624350178
Granulocyte precursor,Plasmacytoid DC,S100A9,CD68,2.129946,0.0,3.1282215,1.375191792985537,1.4432459965764592,0.0518836,0.95841897,0.0011709352680849489,0.012721104722883118
Plasmacytoid DC,T proliferating,APP,CD74,2.1183882,0.0,4.0649104,2.004440789318057,1.1265760370199345,0.028445039,0.96333593,0.016663362497977244,0.01312531246743466
CD4 T memory,Dendritic cell,B2M,CD1C,2.7731543,0.0,2.6631505,1.6757040828435728,0.8480844308955111,0.0489448,0.95509076,0.024880935045753404,0.013453102711379537
T proliferating,Dendritic cell,B2M,CD1C,2.7650216,0.0,2.6545136,1.6659950944133237,0.8201392726471852,0.048786066,0.955021,0.02954454682051542,0.01357703888352292
Monocyte classical,Dendritic cell,S100A9,CD36,2.8896255,0.0,2.6008914,1.409269939907073,3.038774593093178,0.036623694,0.9545807,0.005641955437961882,0.014247349040928205
CD8 T cytotoxic,T proliferating,HLA-C,CD8B,2.0987988,0.0,2.8039882,0.8887562256900127,0.922197309256783,0.021991031,0.9561831,0.04590316017610789,0.014460035269828461
Monocyte classical,Plasmacytoid DC,S100A9,CD36,2.8861978,0.0,2.5646448,1.4032752618918491,3.1258056670759595,0.036113296,0.9542755,0.005985414629804473,0.014933334447721016
Granulocyte precursor,Monocyte classical,S100A8,CD68,2.1269991,0.0,2.5601616,1.2468387094396471,1.7373699595872265,0.047166176,0.9542373,0.002593394532403191,0.015020185311577162
T proliferating,T proliferating,HLA-C,CD8A,2.091185,0.0,3.2999446,1.0420596305722756,0.8935568552697815,0.023172094,0.95947087,0.03864194268107567,0.015150915812883494
Granulocyte precursor,Dendritic cell,TNFSF13B,HLA-DPB1,2.091528,0.0,2.5497327,1.5135684780641285,1.9227063250097582,0.03082901,0.9541481,0.011570275794087355,0.01528219863139781
Monocyte classical,Dendritic cell,S100A8,CD36,2.8229501,0.0,2.535295,1.402504878428057,2.966422759126476,0.0396551,0.9540237,0.0038816995517562667,0.015458096128881625
Monocyte classical,Plasmacytoid DC,S100A8,CD36,2.8195224,0.0,2.4999626,1.3965102004128331,3.0534538331092573,0.039102457,0.95371497,0.004151363730980225,0.015991641274063904
Granulocyte precursor,Monocyte classical,S100A9,CD36,2.0451193,0.0,2.5655277,1.140583509194567,1.5285964336893318,0.036125727,0.954283,0.00595628553701143,0.018261175209970858
Platelet,Dendritic cell,B2M,CD1C,2.5176647,0.0,2.391818,1.370624983490046,0.7723067738028917,0.04395811,0.95272905,0.03893483722593637,0.019180349728011848
Granulocyte precursor,Erythroid late,S100A8,CD36,2.1030152,0.0,2.390911,1.1339660108539615,1.5516617255504839,0.037396763,0.9527205,0.005447686305853787,0.019229330855074108
Granulocyte precursor,Monocyte classical,S100A9,CD68,2.0211554,0.0,2.4065645,1.1696022397688517,1.5275671717517179,0.039914444,0.95286727,0.004232261727609181,0.020372551244223477
CD8 T cytotoxic,Monocyte non-classical,HLA-B,LILRB2,2.198551,0.0,2.3467953,1.2260387198134195,1.1458651368604267,0.033508476,0.9522993,0.008066371551781614,0.020726809790761233
Platelet,NK,CLEC1B,KLRB1,2.0078943,0.0,3.375256,6.633996983812207,3.2413202228503772,0.33831498,0.95990735,1.821564054923561e-07,0.021392534958878957
Erythroid early,Erythroid early,CDH1,LRP5,0.09517125,0.0,0.0068058586,1.5459684553311654,0.16002248661570606,0.19253264,0.5180977,0.022584915573230953,0.02184722640368436
Dendritic cell,Plasmacytoid DC,HLA-DRA,CD4,2.4606962,0.0,2.305387,1.438557732962256,1.8337022262227438,0.03696935,0.9518933,0.005365785078221603,0.022278395502245054
CD8 T memory,Monocyte non-classical,HLA-B,LILRB2,2.1515744,0.0,2.2883954,1.1824281644035268,1.0873564099177901,0.03267462,0.9517237,0.008927554077696,0.022754386131430982
Plasmacytoid DC,HSPC,APP,CD74,1.983218,0.0,3.6679788,1.9275440898670078,1.01853176804128,0.02566743,0.96147746,0.026916029786881773,0.023127950816036656
CD4 T memory,T proliferating,HLA-C,CD8A,1.9780147,0.0,3.0610929,0.9466975151201081,0.8210773352224492,0.021494882,0.9579845,0.04940807521691168,0.023504446167648848
NK,Monocyte non-classical,HLA-B,LILRB2,2.1328652,0.0,2.265137,1.165061498219461,1.0602332439724624,0.032342523,0.95148844,0.009389454299371955,0.023775160746934382
CD8 T cytotoxic,T proliferating,CCL5,CXCR3,2.1132162,0.0,2.2597127,1.9906948072772657,1.7990946611678948,0.072194666,0.95143306,0.00023835030375471194,0.02404736311358669
Granulocyte precursor,Erythroid late,S100A9,CD36,1.9971715,0.0,2.2474682,1.056729541183166,1.3418589377149752,0.031647068,0.9513074,0.010505918331912178,0.02432105892202207
T activated,Monocyte non-classical,HLA-B,LILRB2,2.0942223,0.0,2.2170975,1.1291858345113068,0.9761855237598586,0.031656597,0.95099133,0.011773063829786557,0.02537467568487918
Dendritic cell,Dendritic cell,TNFSF13B,HLA-DPB1,2.041671,0.0,2.2064812,1.4236941780894723,1.658026707232985,0.026678734,0.95087934,0.02305226025200425,0.025824720944129353
CD8 T memory,T proliferating,CCL5,CXCR3,2.0696616,0.0,2.2050114,1.961114046669866,1.8035508346395552,0.07044703,0.9508638,0.00027884313090592306,0.02588124330525498
T proliferating,Monocyte non-classical,HLA-A,LILRB2,2.0841148,0.0,2.2045321,1.245218594606385,1.0508072942705677,0.03557271,0.9508587,0.007563052586232058,0.02593782500214545
NK,Monocyte non-classical,HLA-C,LILRB2,2.0746472,0.0,2.1927626,1.3022363471741234,1.3167302319516625,0.038854048,0.9507335,0.004267245757444518,0.02633556458525007
CD8 T memory,Monocyte non-classical,HLA-A,LILRB2,2.0704615,0.0,2.187559,1.2330581056024392,1.1763965237985916,0.035298828,0.9506778,0.006618782559129548,0.026736205027813487
NK,Monocyte non-classical,HLA-A,LILRB2,2.068198,0.0,2.184745,1.231042486878966,1.1703434224557885,0.03525342,0.95064765,0.006681284318947489,0.02690879495296948
T proliferating,Monocyte non-classical,HLA-B,LILRB2,2.0537555,0.0,2.1667907,1.0916176750736155,0.8375132189759723,0.030938296,0.9504537,0.02649312477444735,0.027838276835785748
CD8 T cytotoxic,Monocyte non-classical,HLA-A,LILRB2,2.0090525,0.0,2.1112175,1.1783598570116518,1.0818187101853685,0.03406697,0.94983834,0.00770839157948117,0.030167164634848486
CD8 T cytotoxic,Monocyte non-classical,HLA-C,LILRB2,1.9928373,0.0,2.0910592,1.2332998864427076,1.2096336781112011,0.037051942,0.9496093,0.005257841058808707,0.030778727943041987
B naive,Plasmacytoid DC,HLA-DRA,CD4,2.202631,0.0,2.0347807,1.2862973293319513,1.763860144450652,0.032629892,0.9489525,0.009022535226466632,0.03328356071607322
Monocyte non-classical,Monocyte non-classical,HLA-B,LILRB2,1.9455012,0.0,2.0322127,0.9911194142889388,0.7590618904393341,0.029016742,0.9489219,0.042767897299192566,0.03341125558178899
CD8 T memory,Monocyte non-classical,HLA-C,LILRB2,1.9342567,0.0,2.018234,1.1839372966455788,1.112214408324669,0.03576153,0.9487544,0.006206851931935947,0.0342469676497933
Monocyte classical,Platelet,S100A9,CD36,2.8312557,0.0,1.9836488,1.307189475149799,3.3079773795344694,0.02793217,0.94833255,0.01833192059945528,0.03641253116726449
Pre-B small,Plasmacytoid DC,HLA-DRA,CD4,2.1526568,0.0,1.9823781,1.256811701846229,1.4324859338086422,0.031789556,0.9483168,0.010172702655554575,0.03647914020099925
T proliferating,T proliferating,CCL5,CXCR3,1.8833061,0.0,1.9709616,1.8345426845047408,1.479890622904314,0.06296947,0.94817513,0.0007418882293530134,0.03741775512758641
Monocyte classical,Dendritic cell,S100A9,CD68,2.829258,0.0,1.9625225,1.3496525797232835,2.962077968528482,0.03254972,0.9480696,0.009098991645219604,0.037823494465241025
Pre-B small,Monocyte non-classical,HLA-B,LILRB2,1.8765627,0.0,1.9465109,0.9271177975268073,0.7426411371267377,0.027793057,0.9478676,0.0471637777657363,0.03912203230049657
T proliferating,Monocyte non-classical,HLA-C,LILRB2,1.8743389,0.0,1.9437463,1.1334456577056398,0.8913843533135867,0.034441672,0.9478324,0.019158481956826123,0.03932897481031389
Monocyte classical,Platelet,S100A8,CD36,2.7645802,0.0,1.9336196,1.300424413670783,3.235625545567767,0.030244166,0.9477031,0.0125127283229837,0.039952886623545555
Granulocyte precursor,Platelet,S100A8,CD68,2.0364935,0.0,1.9214795,1.0758038509407952,1.6396959353776648,0.03539966,0.94754684,0.008280856034122649,0.040721781633189576
Platelet,Plasmacytoid DC,PF4,CXCR3,2.4839828,0.0,1.9200184,8.109457865345297,4.108871384732882,0.22504991,0.94752795,3.5522442879119844e-07,0.04093269324617682
Monocyte classical,Dendritic cell,S100A8,CD68,2.7625825,0.0,1.9130262,1.3428875182442674,2.88972613456178,0.03524392,0.94743717,0.0066969696801705975,0.041426809421285404
CD4 T memory,Monocyte non-classical,HLA-A,LILRB2,1.8427185,0.0,1.904437,1.0302097996685806,0.8006232450061662,0.030730324,0.947325,0.03312031409443476,0.04213757316751286
Monocyte non-classical,Dendritic cell,TNFSF13B,HLA-DPB1,1.9913914,0.0,1.8603187,1.3330576844470237,1.7289445267984545,0.022493256,0.9467371,0.04302814269872513,0.04401233967646887
Dendritic cell,Plasmacytoid DC,HLA-DRB1,CD4,2.0333772,0.0,1.857302,1.5302076416456223,1.8638581576709337,0.04356475,0.9466962,0.002576559318591333,0.04430419910417195
Erythroid early,Monocyte classical,ERFE,LRP1,0.130788,0.0,0.008613682,0.8156127042300116,0.39799525487945164,0.27630085,0.54740876,0.03782594003512408,0.04684010590790406
Plasmacytoid DC,Monocyte classical,APP,CD74,1.8151071,0.0,3.1743152,1.8319079460893621,0.9395924872483701,0.022212919,0.9587094,0.044610777276679954,0.04704703655714285
Granulocyte precursor,Platelet,S100A9,CD68,1.9306499,0.0,1.8062003,0.9985673812699997,1.4298931475421561,0.029957013,0.9459878,0.014081015384377338,0.047272836163348986
Monocyte classical,Monocyte classical,S100A12,CD36,1.8141794,0.0,2.2082582,1.6108240105533682,3.228492004632406,0.0971218,0.9508981,0.00038006509699046504,0.047272836163348986
Dendritic cell,Plasmacytoid DC,HLA-DPB1,CD4,1.9833307,0.0,1.8048236,1.5181591892196407,1.8647921658815383,0.040652268,0.9459684,0.003509414848403344,0.04749915540707922
NK,NK,B2M,KLRC2,2.867444,0.0,1.5467862,1.0123518718122697,1.0908438635804463,0.030411579,0.9418871,0.013111080604656152,0.04846520043519935
Dendritic cell,Monocyte non-classical,HLA-DRA,CD4,2.4006355,0.0,1.777201,1.29163691116158,1.7290027967961805,0.028499324,0.94557285,0.016409249120889893,0.048562020192211716
Monocyte classical,B naive,CXCL8,CD79A,1.8018467,0.0,2.8180227,1.7031826918234858,3.3902313875488646,0.17459401,0.95628756,0.0002489782900218764,0.04994484783393438
