node,umap_1,umap_2,pseudotime,segment,cells,tip,fork,root
0,13.383373830597932,-2.4901215887935706,7.925252958177122,9,4344.3709463376035,False,False,False
1,-2.847986586085604,3.0291401854811486,9.99901077621819,2,2447.5366669323394,False,False,False
2,9.770080118723621,9.697431598202698,5.385216287095496,1,154.75012409502665,False,False,False
3,5.689335839989333,12.417789304308682,7.239769127825374,1,4984.91926299065,True,False,False
4,-3.1281375465410677,-0.9468935854667544,8.883717404444793,2,123.651214231343,False,False,False
5,-2.8231150651056387,3.273060359717096,10.052097456022613,2,2715.6066929154354,False,False,False
6,-2.8232544716486383,3.293437677895731,10.057211754223886,2,2736.979300213959,True,False,False
7,7.906411371893941,11.350568047353008,6.608535725603853,1,128.63682805945268,False,False,False
8,17.01792167745909,-0.5189080463700734,8.58704935355189,3,517.4450834103083,True,False,False
9,-3.2147981948289117,-1.7475410223619794,8.971675912798013,8,247.6387438604747,False,False,False
10,3.505573164969729,3.396526578478602,6.051828748410156,15,0.5754358903357408,False,False,False
11,-3.486677637845463,-2.3965085966292805,9.331873706188023,8,1160.2700738483745,False,False,False
12,-3.6897544124975266,-3.1689744401508,9.654129807441702,8,1178.061237259568,False,False,False
13,13.581906135636924,0.4416836968637377,9.772314791233118,9,57.282825208935,False,False,False
14,-1.7524638762631393,-5.606342889037233,10.791162297286569,8,970.8059942165635,False,False,False
15,12.526560045186255,2.03442817312105,13.027392725819293,4,72.97135899762765,False,False,False
16,-3.271963336014054,0.2560660655408117,9.45942510339818,2,502.62244364949663,False,False,False
17,15.268752481302148,-0.9706518587022083,7.831211908870604,3,606.4282738082275,False,False,False
18,10.314717526818141,0.7009259853696398,14.344391604474293,4,1037.8977099226886,True,False,False
19,-2.153532477563672,-4.837519483971991,10.419328803088593,8,898.5964634884357,False,False,False
20,10.542276124856535,6.222077117566208,2.0206248737726007,6,425.2065314310471,False,False,False
21,-2.130406166992134,-3.8298326152103948,10.033939410221054,8,711.0410079918026,False,False,False
22,8.619547041181743,6.5843499016052105,3.5266397408091104,6,0.9867832302164126,False,True,False
23,7.7012741224248,6.694824798150751,13.58131865084029,7,336.0653588229165,True,False,False
24,11.509049346900595,-2.176247710903876,8.804054337185983,9,417.95778300253914,False,False,False
25,-0.6576586613233703,-6.803064246719672,11.163410828131106,8,1855.4223165680032,True,False,False
26,12.173419530948044,2.82473762502736,11.713444278334723,9,50.60161987080111,False,True,False
27,-3.0148659612983417,2.5281488378902557,9.908918769537461,2,1946.5965767484568,False,False,False
28,4.674350699330495,1.2571098996651453,6.708013013808103,12,1.4529216275900958,False,True,False
29,3.5691267664875648,1.1788704746637104,7.323028736089982,12,0.9823940088110623,False,False,False
30,4.4123997326163,-1.5136537175993172,9.524563441919884,13,522.501288145633,True,False,False
31,6.358906448394179,-0.12888235821628208,4.9826702023483005,15,0.4714089620255782,False,True,False
32,9.41553204369216,8.424734090376775,4.775613103718989,1,150.86365081472954,False,False,False
33,9.6313677140461,10.566047541573296,5.973386308357715,1,561.5400373192435,False,False,False
34,13.847303170423062,1.612179391543385,10.743299982728459,9,120.96143410356154,False,False,False
35,7.047429607471985,-1.0925999582997532,6.835252044641791,14,300.30552494104376,False,False,False
36,-3.307410485657394,1.5936371220878616,9.726797463567452,2,1006.3434269584438,False,False,False
37,6.476323166114935,-3.759401078229419,8.553024159829747,14,808.9224053470534,True,False,False
38,0.7993492170873627,-1.2241582382296272,7.938118376777505,12,1.9419114397558348,False,False,False
39,5.219985100870285,0.661153413533784,5.84535664268605,10,0.12987686852088562,False,False,False
40,9.341735217806322,8.093963028365092,4.159437353437885,1,21.728233876627048,False,False,False
41,4.184929087768288,2.380239681626313,9.110060876690762,11,88.30083375189369,True,False,False
42,13.592071289529489,-0.8931421429469978,7.120611244576381,15,91.29205166500464,False,True,False
43,-3.1476350399423767,-0.6468882761603414,9.180869315866962,2,417.51937862370426,False,False,False
44,-2.4010852416606245,-1.550319355587981,8.552512443232667,12,17.25788775792293,False,True,False
45,7.5447926024541045,3.4887311915638914,0.0,6,955.7507696123707,True,False,True
46,4.238025393881718,1.6270897200836698,7.90998268259054,11,11.570512884509462,False,False,False
47,5.03095061579566,-1.1224790236433886,6.502802675001568,13,11.385703646079303,False,False,False
48,5.562663888436541,-1.9312294818848423,8.016871860892202,13,61.012818248029554,False,False,False
49,-2.8249351692389073,3.2099372953979994,10.03712463586094,2,2646.840872394819,False,False,False
