segment,from,to,length,cells,B naive,CD4 T memory,CD4 T naive,CD8 T cytotoxic,CD8 T memory,Dendritic cell,Erythroid early,Erythroid late,Granulocyte precursor,HSPC,Monocyte classical,Monocyte non-classical,NK,Plasmacytoid DC,Platelet,Pre-B large,Pre-B small,T activated,T proliferating
1,22,3,3.7131293870162643,6000.0,5016.0,0.0,1.0,0.0,0.0,0.0,0.0,0.0,0.0,0.0,0.0,1.0,0.0,0.0,0.0,0.0,982.0,0.0,0.0
2,44,6,1.5046993109912172,14520.0,2.0,2703.0,10761.0,5.0,446.0,0.0,0.0,0.0,2.0,2.0,0.0,35.0,0.0,1.0,0.0,0.0,0.0,563.0,0.0
3,42,8,1.46643810897551,1128.0,0.0,0.0,0.0,0.0,0.0,0.0,0.0,0.0,0.0,0.0,314.0,814.0,0.0,0.0,0.0,0.0,0.0,0.0,0.0
4,26,18,2.6309473261395677,1162.0,0.0,0.0,0.0,0.0,0.0,316.0,0.0,0.0,806.0,31.0,0.0,0.0,0.0,9.0,0.0,0.0,0.0,0.0,0.0
5,22,31,1.45603046153919,0.0,0.0,0.0,0.0,0.0,0.0,0.0,0.0,0.0,0.0,0.0,0.0,0.0,0.0,0.0,0.0,0.0,0.0,0.0,0.0
6,45,22,3.5266397408091104,1382.0,0.0,0.0,0.0,0.0,0.0,0.0,42.0,0.0,27.0,934.0,0.0,1.0,0.0,0.0,0.0,334.0,43.0,0.0,1.0
7,26,23,1.8678743725055666,335.0,0.0,0.0,0.0,0.0,0.0,11.0,0.0,0.0,0.0,6.0,0.0,0.0,0.0,318.0,0.0,0.0,0.0,0.0,0.0
8,44,25,2.610898384898439,7062.0,0.0,10.0,0.0,2302.0,2531.0,0.0,0.0,0.0,0.0,0.0,0.0,0.0,2153.0,0.0,0.0,0.0,0.0,20.0,46.0
9,42,26,4.592833033758344,5029.0,0.0,0.0,0.0,0.0,0.0,170.0,0.0,0.0,91.0,0.0,4716.0,50.0,0.0,2.0,0.0,0.0,0.0,0.0,0.0
10,31,28,1.7253428114598028,0.0,0.0,0.0,0.0,0.0,0.0,0.0,0.0,0.0,0.0,0.0,0.0,0.0,0.0,0.0,0.0,0.0,0.0,0.0,0.0
11,28,41,2.4020478628826583,100.0,0.0,0.0,0.0,0.0,0.0,0.0,0.0,0.0,0.0,0.0,0.0,0.0,0.0,0.0,100.0,0.0,0.0,0.0,0.0
12,28,44,1.8444994294245634,3.0,0.0,0.0,1.0,0.0,0.0,0.0,0.0,0.0,0.0,0.0,0.0,0.0,0.0,0.0,2.0,0.0,0.0,0.0,0.0
13,31,30,4.541893239571584,596.0,0.0,0.0,2.0,0.0,0.0,0.0,4.0,589.0,0.0,0.0,0.0,0.0,0.0,0.0,1.0,0.0,0.0,0.0,0.0
14,31,37,3.570353957481447,1113.0,0.0,0.0,0.0,0.0,0.0,0.0,1105.0,8.0,0.0,0.0,0.0,0.0,0.0,0.0,0.0,0.0,0.0,0.0,0.0
15,31,42,2.1379410422280793,0.0,0.0,0.0,0.0,0.0,0.0,0.0,0.0,0.0,0.0,0.0,0.0,0.0,0.0,0.0,0.0,0.0,0.0,0.0,0.0
