cell_type,cells,median_graph,median_palantir,rank_graph,rank_palantir,rank_shift
HSPC,973,3.5750961791993875e-10,0.1293674851549076,1,1,0
Pre-B large,334,0.1408707340998907,0.7209750107243438,2,14,-12
Pre-B small,1025,0.41195111315231936,0.8317630801033095,3,17,-14
B naive,5018,0.5046031011091561,0.8467365307365189,4,18,-14
Monocyte classical,5030,0.5525255132147429,0.733602404762026,5,15,-10
Erythroid early,1151,0.5962621354029618,0.6222653543202415,6,10,-4
Monocyte non-classical,901,0.5985937493355009,0.7438406688989128,7,16,-9
Platelet,103,0.6350951439920258,0.5952721649779023,8,8,0
CD8 T memory,2977,0.6498025799297975,0.579843290876116,9,4,5
Erythroid late,597,0.6639922335535532,0.6733994061101033,10,12,-2
T proliferating,47,0.6647102466630405,0.4039023291833152,11,2,9
T activated,583,0.6750681364510179,0.5985087050022236,12,9,3
CD4 T memory,2713,0.6928771209837647,0.5943321080922673,13,7,6
CD4 T naive,10765,0.7009476377711478,0.5889326234894415,14,6,8
CD8 T cytotoxic,2307,0.7278009807451088,0.6673560433563182,15,11,4
NK,2153,0.7776024243510664,0.7096124123194646,16,13,3
Dendritic cell,497,0.9098579097539484,0.5845755920418334,17,5,12
Plasmacytoid DC,330,0.9468035614731565,0.856862927791345,18,19,-1
Granulocyte precursor,926,0.9999975951367284,0.5295933955586016,19,3,16
