,cell,bin,pseudotime,lineage_fate,top_fate,top_fate_probability,n_genes_by_counts,n_genes,total_counts,pct_counts_mt,doublet_score,predicted_doublet
0,TTTCCTCTCAGCCTAA-1-MantonBM4,38,0.8514393070682906,0.9467252212525732,B naive,0.9467252212525732,671,671,1364.0,2.2727273,0.020197679415556512,False
1,ATTCTACCATTGGGCC-1-MantonBM8,38,0.8515255678457526,0.9498905646663168,B naive,0.9498905646663168,446,446,938.0,3.411514,0.05338078291814946,False
2,CTCGTACAGTGGGTTG-1-MantonBM4,38,0.8515314991033593,0.9467816983859696,B naive,0.9467816983859696,643,643,1261.0,2.22046,0.05135520684736091,False
3,TTCGAAGGTCGGGTCT-1-MantonBM7,38,0.851771019551539,0.9562993867652362,B naive,0.9562993867652362,589,589,1518.0,2.108037,0.11855670103092782,False
4,AACTTTCAGTGCGTGA-1-MantonBM4,38,0.851775369280681,0.9473599953553741,B naive,0.9473599953553741,591,590,1241.0,7.091056,0.025178147268408554,False
5,GCGCAACAGCACCGTC-1-MantonBM7,38,0.8518610452857515,0.9476943379060411,B naive,0.9476943379060411,438,437,908.0,3.524229,0.008079552517091361,False
6,AGCGGTCTCATAAAGG-1-MantonBM1,38,0.8519917808551191,0.9533949384627024,B naive,0.9533949384627024,607,607,1368.0,3.362573,0.04040404040404041,False
7,CAGCTGGCACAACGTT-1-MantonBM7,38,0.8520318183074801,0.9473690925825611,B naive,0.9473690925825611,621,621,1332.0,3.3033032,0.007290400972053464,False
8,TACCTTAGTCACCTAA-1-MantonBM8,38,0.8521796069979598,0.9451336502838108,B naive,0.9451336502838108,504,504,1258.0,2.5437202,0.047493403693931395,False
9,CAGCATACAATAGAGT-1-MantonBM7,38,0.8523543754779042,0.956682746251424,B naive,0.956682746251424,486,485,892.0,2.4663677,0.07835820895522388,False
10,ACTGATGTCCAAGCCG-1-MantonBM7,38,0.8524164282576087,0.9437776453767254,B naive,0.9437776453767254,403,403,830.0,5.060241,0.011152416356877323,False
11,TGAGAGGAGTCGTTTG-1-MantonBM1,38,0.8524377101554256,0.9562444939978355,B naive,0.9562444939978355,490,489,1047.0,4.8710604,0.14469453376205788,False
12,CCACCTACATTACCTT-1-MantonBM2,38,0.852448096476181,0.9554563070373853,B naive,0.9554563070373853,731,730,1694.0,2.892562,0.07733812949640284,False
13,CGTTAGACAAATACAG-1-MantonBM7,38,0.8524976715574757,0.9554804801971963,B naive,0.9554804801971963,519,519,1278.0,3.1298904,0.12584573748308525,False
14,CGTTGGGAGGGCTTGA-1-MantonBM7,38,0.8525081489647214,0.9559943289224065,B naive,0.9559943289224065,611,609,1412.0,2.0538244,0.04240934234787953,False
15,TGCCCTAGTACCAGTT-1-MantonBM1,38,0.8525386035339476,0.9532613703421398,B naive,0.9532613703421398,666,663,1632.0,3.247549,0.015544041450777207,False
16,CCATTCGAGAATAGGG-1-MantonBM7,38,0.8525772732059225,0.9483140763121981,B naive,0.9483140763121981,555,555,1076.0,2.5092938,0.031721268850754034,False
17,CGATGGCGTAAGAGGA-1-MantonBM1,38,0.8526621732121628,0.9554976920612727,B naive,0.9554976920612727,506,506,1072.0,4.850746,0.11869031377899047,False
18,AGGTCCGAGATGTGTA-1-MantonBM2,38,0.8527364251814479,0.9607163022832659,B naive,0.9607163022832659,583,583,1416.0,2.9661016,0.07397737162750216,False
19,TGACGGCAGAGGTTAT-1-MantonBM7,38,0.8527640908329843,0.9568876379229878,B naive,0.9568876379229878,600,600,1275.0,3.529412,0.05338078291814946,False
20,AGGGAGTGTGTTCTTT-1-MantonBM4,38,0.8528070132061997,0.9460890957855512,B naive,0.9460890957855512,525,525,953.0,3.3578172,0.023405231757687016,False
21,ACGCAGCGTCTAGTCA-1-MantonBM7,38,0.8529072533806347,0.9600515775256603,B naive,0.9600515775256603,564,563,1245.0,2.5702813,0.06846999154691462,False
22,ACTTACTCATCACCCT-1-MantonBM1,38,0.8529933876742569,0.943189605188361,B naive,0.943189605188361,358,358,689.0,1.0159652,0.01208348590259978,False
23,ATGAGGGCAGAGTGTG-1-MantonBM7,38,0.8534535392712052,0.9559435258458719,B naive,0.9559435258458719,692,692,1895.0,2.7440634,0.07155322862129147,False
24,TCGGGACCACGTCTCT-1-MantonBM4,38,0.8535291636304714,0.946493666812661,B naive,0.946493666812661,614,614,1284.0,2.0249221,0.032502708559046585,False
25,ACGGCCAGTGTGAAAT-1-MantonBM5,38,0.8536097289621554,0.9444178106603375,B naive,0.9444178106603375,380,379,918.0,2.3965142,0.03498871331828442,False
26,AGCTCTCTCGTGTAGT-1-MantonBM2,38,0.8541331767398862,0.9460890479602655,B naive,0.9460890479602655,457,457,858.0,2.7972028,0.029945999018163964,False
27,GTGCTTCTCGAACGGA-1-MantonBM2,38,0.8541591666198997,0.947963635259797,B naive,0.947963635259797,725,724,1703.0,1.4092778,0.021940928270042195,False
28,ACAGCTACACGACGAA-1-MantonBM3,38,0.8541754263313859,0.9491175466635476,B naive,0.9491175466635476,592,590,1571.0,3.1190324,0.03598820058997051,False
29,CGCTTCAAGGCGTACA-1-MantonBM7,38,0.8542798510729481,0.9499666768306059,B naive,0.9499666768306059,437,437,872.0,2.7522936,0.023049645390070924,False
30,CTTGGCTGTTCCGGCA-1-MantonBM5,38,0.8542838578724575,0.9431253076210471,B naive,0.9431253076210471,455,452,1054.0,2.8463,0.042218021424070565,False
31,GATCAGTGTACAGACG-1-MantonBM1,38,0.8543311649719054,0.9430721879942937,B naive,0.9430721879942937,394,392,668.0,4.9401197,0.009602194787379973,False
32,GATCGTAGTCTTCAAG-1-MantonBM7,38,0.854463493430468,0.9451202122049317,B naive,0.9451202122049317,514,514,1068.0,1.6853932,0.027522935779816515,False
33,TCAGATGCATTACGAC-1-MantonBM1,38,0.8545060475230706,0.9457001948122647,B naive,0.9457001948122647,756,755,1863.0,2.3081052,0.015544041450777207,False
34,GTCTCGTTCACCATAG-1-MantonBM3,38,0.8545184330369355,0.9410801714986643,B naive,0.9410801714986643,496,495,975.0,2.2564101,0.055900621118012424,False
35,GCAGTTAAGGTGACCA-1-MantonBM4,38,0.8545380897161148,0.9472862648129463,B naive,0.9472862648129463,796,796,1699.0,1.8834608,0.07233273056057866,False
36,AGGGATGAGCTAAACA-1-MantonBM4,38,0.854594770625824,0.9437019237406855,B naive,0.9437019237406855,407,407,654.0,4.1284404,0.018742190753852563,False
37,GTGCAGCCACACATGT-1-MantonBM6,38,0.8546498586750609,0.9424688300383394,B naive,0.9424688300383394,620,620,1313.0,3.1987813,0.02474793767186068,False
38,TCAACGAGTGTCGCTG-1-MantonBM2,38,0.8547182916247447,0.9626671336573578,B naive,0.9626671336573578,632,632,1885.0,3.183024,0.04755784061696658,False
39,GTGCTTCCACAACTGT-1-MantonBM8,38,0.854735982810549,0.9496486023762604,B naive,0.9496486023762604,554,552,1264.0,2.6898735,0.10033821871476886,False
40,CTGGTCTTCACCTTAT-1-MantonBM6,38,0.8547801200507833,0.9604578716933192,B naive,0.9604578716933192,699,698,1547.0,4.266322,0.05785123966942148,False
41,ACCTTTATCCGGGTGT-1-MantonBM4,38,0.8550606321810184,0.9439467575710486,B naive,0.9439467575710486,503,503,988.0,3.2388666,0.025178147268408554,False
42,CGATCGGCAAAGAATC-1-MantonBM4,38,0.8553773955617608,0.952321063360202,B naive,0.952321063360202,401,401,731.0,3.2831736,0.03498871331828442,False
43,GAATGAAGTGCACTTA-1-MantonBM8,38,0.8554117118332549,0.9445585966769338,B naive,0.9445585966769338,456,456,944.0,3.283898,0.04240934234787953,False
44,CAGCGACGTACACCGC-1-MantonBM8,38,0.8554321511038455,0.9575628721635566,B naive,0.9575628721635566,453,451,1174.0,3.577513,0.029544316474712073,False
45,AACTCTTGTGCAGGTA-1-MantonBM1,38,0.8554757379293091,0.9536155546450433,B naive,0.9536155546450433,525,524,1118.0,3.2200358,0.025641025641025644,False
46,CCTAAAGCACTCTGTC-1-MantonBM7,38,0.8555284727769273,0.9587631930013252,B naive,0.9587631930013252,594,593,1375.0,3.5636365,0.06846999154691462,False
47,CACATAGAGGTTACCT-1-MantonBM2,38,0.8557222636938268,0.9508086967407183,B naive,0.9508086967407183,1191,1188,3930.0,2.9770992,0.0678659035159444,False
48,ATCCGAAGTCCAAGTT-1-MantonBM6,38,0.8557442577055923,0.9467454971660283,B naive,0.9467454971660283,496,494,1005.0,4.079602,0.06284805091487668,False
49,GGATGTTTCCATGAGT-1-MantonBM1,38,0.855748216572906,0.9533984774176464,B naive,0.9533984774176464,742,742,1679.0,3.7522335,0.08481675392670157,False
50,ATGTGTGAGGAGTTGC-1-MantonBM7,38,0.8558074734606622,0.9557825165714261,B naive,0.9557825165714261,624,624,1463.0,5.468216,0.05555555555555555,False
51,TACGGTAGTATGCTTG-1-MantonBM7,38,0.8558188992856186,0.9432620036754987,B naive,0.9432620036754987,537,537,1187.0,3.032856,0.008487896887771143,False
52,CACAAACTCGTGGACC-1-MantonBM4,39,0.8558971295677562,0.9548689623955475,B naive,0.9548689623955475,643,643,1453.0,2.6152787,0.018742190753852563,False
53,GGGAATGGTAGGCATG-1-MantonBM1,39,0.8559091607157481,0.9605113706176819,B naive,0.9605113706176819,575,575,1487.0,3.5642233,0.03598820058997051,False
54,CACACTCAGATATGCA-1-MantonBM1,39,0.855912347069878,0.9369326239648769,B naive,0.9369326239648769,386,386,699.0,4.5779686,0.007010834926704908,False
55,ACAGCTATCAGCTCTC-1-MantonBM2,39,0.8559664967884282,0.9440592196294852,B naive,0.9440592196294852,459,458,921.0,2.2801301,0.04259148170365927,False
56,ACGGGCTAGATCCGAG-1-MantonBM2,39,0.8559831371992435,0.9526284113456125,B naive,0.9526284113456125,552,552,1141.0,3.3304117,0.04582548650345261,False
57,GGTGAAGCAATCACAC-1-MantonBM4,39,0.8560053294601648,0.9556442755993196,B naive,0.9556442755993196,1032,1032,2937.0,4.4262853,0.02256317689530686,False
58,TGAGGGAAGTTGAGTA-1-MantonBM5,39,0.8560131124792311,0.9446137653676085,B naive,0.9446137653676085,582,582,1584.0,2.9671717,0.04742547425474254,False
59,CTGAAGTAGACTAAGT-1-MantonBM1,39,0.856024355833738,0.9534778376889421,B naive,0.9534778376889421,625,625,1409.0,3.6905606,0.14469453376205788,False
60,GCTCCTACAAGCGATG-1-MantonBM1,39,0.85604722528673,0.9532687268137079,B naive,0.9532687268137079,730,730,1724.0,2.2041764,0.02378686964795433,False
61,TGGCGCATCCCGACTT-1-MantonBM7,39,0.8560970428332506,0.9434387311434351,B naive,0.9434387311434351,451,451,872.0,2.0642202,0.01789264413518887,False
62,GCACTCTCAGGAACGT-1-MantonBM1,39,0.8561119620094736,0.958315642254768,B naive,0.958315642254768,728,727,1966.0,2.5940998,0.05835331734612308,False
63,AGGTCCGGTTAAGAAC-1-MantonBM2,39,0.8561739988762086,0.944339540508865,B naive,0.944339540508865,376,376,713.0,4.4880786,0.0369146005509642,False
64,AACTCAGTCACCAGGC-1-MantonBM1,39,0.8562312183333433,0.9615741755859392,B naive,0.9615741755859392,659,658,1511.0,2.9119787,0.0346420323325635,False
65,CCTAGCTAGCAACGGT-1-MantonBM1,39,0.8563715255100559,0.9533964358304816,B naive,0.9533964358304816,624,624,1395.0,5.3046594,0.04735376044568246,False
66,GATTCAGAGGAATGGA-1-MantonBM4,39,0.8565746903451755,0.9584729115797148,B naive,0.9584729115797148,505,505,910.0,1.6483518,0.020960698689956335,False
67,AGCTTGAGTCTGCAAT-1-MantonBM7,39,0.8565796228271607,0.947324066862923,B naive,0.947324066862923,675,675,1812.0,1.4900662,0.023884632717440287,False
68,CGGACACGTAGCGTGA-1-MantonBM7,39,0.8565878523602604,0.9543153033616826,B naive,0.9543153033616826,514,514,1274.0,2.9827316,0.09523809523809527,False
69,CCGGGATAGAAGCCCA-1-MantonBM7,39,0.856734754281429,0.9429546376362007,B naive,0.9429546376362007,306,306,493.0,3.245436,0.008905852417302797,False
70,TTGCCGTGTTACGCGC-1-MantonBM3,39,0.8567364924674533,0.9433222515073406,B naive,0.9433222515073406,435,433,939.0,2.0234292,0.04201680672268908,False
71,ACTGATGTCCTCAATT-1-MantonBM7,39,0.856754994500981,0.9599836595621303,B naive,0.9599836595621303,533,533,1263.0,2.929533,0.10588235294117652,False
72,GACGGCTCAGGAATGC-1-MantonBM7,39,0.8572435699446351,0.9519007631161389,B naive,0.9519007631161389,508,508,1066.0,3.283302,0.029544316474712073,False
73,AACGTTGGTCCATGAT-1-MantonBM4,39,0.8572994514701205,0.953562335077718,B naive,0.953562335077718,724,724,1932.0,2.0186334,0.028084252758274822,False
74,CGTCACTGTCTACCTC-1-MantonBM8,39,0.8573456972994218,0.9443394445403167,B naive,0.9443394445403167,337,337,567.0,1.2345679,0.030612244897959183,False
75,CGTCCATCAGGGATTG-1-MantonBM2,39,0.8574178670484451,0.9536252295628834,B naive,0.9536252295628834,734,734,1802.0,4.5504994,0.08093023255813954,False
76,CGATTGAAGCTCCTCT-1-MantonBM3,39,0.8574834465242641,0.9464410803682272,B naive,0.9464410803682272,593,593,1506.0,2.8552458,0.06666666666666667,False
77,TCAGGTATCTAGAGTC-1-MantonBM7,39,0.8575302111183128,0.9462465498406968,B naive,0.9462465498406968,262,262,504.0,0.9920635,0.018563357546408393,False
78,GGAATAATCGTTGCCT-1-MantonBM2,39,0.8576923317892049,0.9611119295975178,B naive,0.9611119295975178,641,639,1479.0,2.6369166,0.05539772727272727,False
79,ACGAGGAGTCCCGACA-1-MantonBM8,39,0.8578963563248911,0.9456959598577638,B naive,0.9456959598577638,493,492,1082.0,2.495379,0.047493403693931395,False
80,CCGTACTAGGCTAGAC-1-MantonBM1,39,0.858213479373641,0.9521114652079872,B naive,0.9521114652079872,738,737,1489.0,3.2907991,0.013172751223184044,False
81,GTTTCTATCGGAAATA-1-MantonBM8,39,0.8582871126677754,0.9435291497463657,B naive,0.9435291497463657,436,436,881.0,3.6322362,0.07835820895522388,False
82,GCTGCAGAGCCCGAAA-1-MantonBM7,39,0.8583327084555903,0.9526534915202515,B naive,0.9526534915202515,649,649,1602.0,3.1210988,0.0821256038647343,False
83,GTACTCCCAAATTGCC-1-MantonBM8,39,0.8584430085987863,0.9487564229464558,B naive,0.9487564229464558,369,368,673.0,1.9316492,0.04935767410412443,False
84,AACTCCCGTCAATGTC-1-MantonBM1,39,0.8587602136919483,0.9524079406519335,B naive,0.9524079406519335,752,752,1852.0,3.725702,0.0637213254035684,False
85,GGACAAGGTGGCTCCA-1-MantonBM1,39,0.8587881203952199,0.9449435332920627,B naive,0.9449435332920627,400,400,737.0,7.3270016,0.04040404040404041,False
86,ACCTTTACAAATCCGT-1-MantonBM4,39,0.8589013042032807,0.9470137506796685,B naive,0.9470137506796685,519,519,1359.0,2.5754232,0.04742547425474254,False
87,TGGACGCTCCCATTTA-1-MantonBM7,39,0.858987390238729,0.9448529722898498,B naive,0.9448529722898498,430,429,878.0,4.783599,0.004459308807134894,False
88,ACAGCTAGTTCAGCGC-1-MantonBM1,39,0.8590252719483497,0.9512337060278182,B naive,0.9512337060278182,613,613,1430.0,3.006993,0.10532837670384138,False
89,GCGAGAAAGATCCTGT-1-MantonBM8,39,0.8590406373427572,0.9436045830015688,B naive,0.9436045830015688,426,426,867.0,2.768166,0.04240934234787953,False
90,CCTTACGCACAACGCC-1-MantonBM7,39,0.8591376339966096,0.9538955975389791,B naive,0.9538955975389791,810,808,2051.0,3.0716722,0.04240934234787953,False
91,AGTTGGTCAGGCGATA-1-MantonBM1,39,0.859204171466956,0.9527883688864893,B naive,0.9527883688864893,522,521,1070.0,3.4579442,0.021238138273836426,False
92,ATTATCCGTCTTCAAG-1-MantonBM4,39,0.8592242554454722,0.9438322973100102,B naive,0.9438322973100102,384,384,678.0,0.88495576,0.018742190753852563,False
93,CTCGTCAGTCGAAAGC-1-MantonBM1,39,0.8592491560687139,0.9493478993281764,B naive,0.9493478993281764,676,675,1670.0,3.1736526,0.060955518945634286,False
94,GATGAAATCCAACCAA-1-MantonBM1,39,0.859514068398757,0.952384580998266,B naive,0.952384580998266,815,815,1957.0,2.2483394,0.04735376044568246,False
95,CTGCGGAGTAGCTCCG-1-MantonBM7,39,0.8596650629546307,0.947870011653035,B naive,0.947870011653035,651,651,1483.0,3.1692517,0.01925440393281442,False
96,GACCAATTCTAACTCT-1-MantonBM1,39,0.8597403644254945,0.9528212927135439,B naive,0.9528212927135439,712,708,1685.0,2.670623,0.0286906624934794,False
97,GCGCAACAGGCCGAAT-1-MantonBM1,39,0.8600664962520074,0.9426236355149146,B naive,0.9426236355149146,474,474,930.0,2.4731183,0.022907900888265543,False
98,TGAGCATCATGCCCGA-1-MantonBM1,39,0.8602306195935304,0.9479482059628584,B naive,0.9479482059628584,525,524,1127.0,3.637977,0.00783289817232376,False
99,CTAAGACTCGAATCCA-1-MantonBM6,39,0.8604313682549989,0.942540839659369,B naive,0.942540839659369,287,286,452.0,2.8761063,0.029544316474712073,False
100,GCGGGTTTCATAGCAC-1-MantonBM7,39,0.8604314258952872,0.9449109527409391,B naive,0.9449109527409391,404,404,738.0,1.2195121,0.022241604884430877,False
101,TAGACCAGTTCAGACT-1-MantonBM1,39,0.8604821336854929,0.9504398315971072,B naive,0.9504398315971072,703,703,1630.0,3.1288345,0.027635619242579332,False
102,TACGGTAGTTGCCTCT-1-MantonBM6,39,0.860701692993634,0.9445851913450852,B naive,0.9445851913450852,409,407,850.0,3.4117646,0.028515240904621434,False
103,ACGAGCCTCCTAGGGC-1-MantonBM1,39,0.8607350858287857,0.9474300740877717,B naive,0.9474300740877717,646,646,1510.0,3.245033,0.04735376044568246,False
104,AAACGGGCACCCATGG-1-MantonBM2,39,0.8608167502206266,0.944972473693012,B naive,0.944972473693012,317,317,491.0,5.0916495,0.033229491173416406,False
105,TGGTTCCCACCCATGG-1-MantonBM1,39,0.8608260044445354,0.9465761263858178,B naive,0.9465761263858178,657,656,1568.0,1.5943878,0.0189328743545611,False
106,AGTTGGTGTTGACGTT-1-MantonBM8,39,0.8609066231993288,0.9452706834362999,B naive,0.9452706834362999,307,307,496.0,4.8387094,0.04571796522858984,False
107,GGGTTGCTCGGCATCG-1-MantonBM7,39,0.8609981670294297,0.9538866484283044,B naive,0.9538866484283044,646,646,1478.0,2.232747,0.040865384615384616,False
108,CGGACTGAGAGTGAGA-1-MantonBM1,39,0.8611300896437984,0.9536327205676045,B naive,0.9536327205676045,710,710,1581.0,3.2890577,0.055900621118012424,False
109,CACACAACATGTTGAC-1-MantonBM4,39,0.8611724248304334,0.9493820099068024,B naive,0.9493820099068024,538,536,1155.0,3.116883,0.020960698689956335,False
110,CGAACATTCCGTTGCT-1-MantonBM7,39,0.8614887010866347,0.9507994679718509,B naive,0.9507994679718509,573,572,1612.0,2.1091812,0.09523809523809527,False
111,AACACGTGTGTTAAGA-1-MantonBM8,39,0.861504657596906,0.9498165093264546,B naive,0.9498165093264546,627,626,1517.0,2.7027028,0.06284805091487668,False
112,GTATTCTCAGGCGATA-1-MantonBM1,39,0.8617334003378951,0.9428418002868215,B naive,0.9428418002868215,416,416,678.0,3.3923306,0.01007294199374783,False
113,AAGGAGCTCACCCGAG-1-MantonBM4,39,0.8617674211644994,0.9464728270320799,B naive,0.9464728270320799,525,525,1069.0,5.0514503,0.04064039408866995,False
114,ACGGGTCTCAATCACG-1-MantonBM6,39,0.8618467315762597,0.9440102014686992,B naive,0.9440102014686992,449,445,875.0,4.457143,0.023049645390070924,False
115,GCAGTTAAGAGGTTGC-1-MantonBM8,39,0.8619092536097264,0.9442944012639474,B naive,0.9442944012639474,448,448,1030.0,4.7572813,0.03797468354430379,False
116,AAAGCAACAGGGTATG-1-MantonBM8,39,0.861948309511031,0.9469713502127497,B naive,0.9469713502127497,719,717,1678.0,3.3969011,0.07484220018034264,False
117,CACAGGCAGGTCATCT-1-MantonBM5,39,0.8621363735010015,0.947552794607861,B naive,0.947552794607861,665,662,1449.0,2.9675639,0.04064039408866995,False
118,CGAGCACCACTGAAGG-1-MantonBM2,39,0.8621747012585049,0.9499299160896221,B naive,0.9499299160896221,662,662,1514.0,3.4346104,0.06507936507936508,False
119,TCATTTGAGTTGCAGG-1-MantonBM7,39,0.8622333312699297,0.9454994743532018,B naive,0.9454994743532018,510,509,1064.0,1.5037594,0.09523809523809527,False
120,CCTACCAAGCTACCTA-1-MantonBM7,39,0.8622985797693626,0.9445854480935028,B naive,0.9445854480935028,564,564,1227.0,2.6894865,0.009333762471837787,False
121,ATCCACCAGAGGACGG-1-MantonBM7,39,0.8625861094742968,0.9481175649806761,B naive,0.9481175649806761,807,807,1988.0,2.2132797,0.030612244897959183,False
122,GTCAAGTCACGGATAG-1-MantonBM8,39,0.8626221574333602,0.9435774707745311,B naive,0.9435774707745311,402,401,816.0,2.8186274,0.05785123966942148,False
123,GGACAAGTCAGGTAAA-1-MantonBM4,39,0.8626500252389284,0.9445033475755963,B naive,0.9445033475755963,555,553,1103.0,4.170444,0.029126213592233007,False
124,TGCTACCTCCATTCTA-1-MantonBM7,39,0.8627846005531769,0.9452724751813923,B naive,0.9452724751813923,548,548,1131.0,3.2714412,0.011152416356877323,False
125,CTGTTTATCTATCGCC-1-MantonBM1,39,0.8627865454719985,0.9475683834760691,B naive,0.9475683834760691,759,759,1731.0,1.9641826,0.03335217637083098,False
126,CACCAGGAGGCTAGAC-1-MantonBM8,39,0.8628496502358776,0.9463167025083256,B naive,0.9463167025083256,553,552,1083.0,2.677747,0.10588235294117652,False
127,TAGTGGTAGCTAGTTC-1-MantonBM8,39,0.8628518518682881,0.9452045230604169,B naive,0.9452045230604169,588,588,1517.0,2.966381,0.05338078291814946,False
128,TCACAAGGTGTTTGTG-1-MantonBM7,39,0.8628606967554985,0.9443343275329945,B naive,0.9443343275329945,374,374,691.0,2.0260491,0.008487896887771143,False
129,CCGGTAGAGGAATGGA-1-MantonBM2,39,0.8629578317747321,0.9424272390162044,B naive,0.9424272390162044,448,448,871.0,4.13318,0.04417177914110429,False
130,ATCACGAAGGAGTTTA-1-MantonBM6,39,0.8630503019728206,0.9432527893091038,B naive,0.9432527893091038,352,351,523.0,3.6328871,0.02656546489563567,False
131,TGACAACAGCGCCTCA-1-MantonBM4,39,0.8631224158520634,0.9426592834928571,B naive,0.9426592834928571,515,514,1069.0,3.5547242,0.02427637721755369,False
132,AGGTCCGCAAGCGAGT-1-MantonBM6,39,0.8632529536427027,0.9486780972744439,B naive,0.9486780972744439,678,677,1747.0,2.1751573,0.06846999154691462,False
133,CGTTGGGGTCTCGTTC-1-MantonBM2,39,0.8633035527722437,0.9497112808720821,B naive,0.9497112808720821,799,799,2112.0,2.8409092,0.02794883941260067,False
134,GAATAAGTCCAGTAGT-1-MantonBM7,39,0.8634137596273701,0.949571544957454,B naive,0.949571544957454,549,548,1126.0,2.9307282,0.023884632717440287,False
135,TGAAAGACAGGCGATA-1-MantonBM7,39,0.8635880642101114,0.9441844688147688,B naive,0.9441844688147688,385,385,657.0,3.1963472,0.10588235294117652,False
136,CAAGATCCAAGACGTG-1-MantonBM1,39,0.8636686461357228,0.9423037488703434,B naive,0.9423037488703434,441,440,836.0,4.5454545,0.020444444444444446,False
137,TCAACGACACGGCGTT-1-MantonBM2,39,0.8637276207531597,0.9519300848628917,B naive,0.9519300848628917,694,693,1475.0,4.40678,0.04937458854509547,False
138,CGTGTCTAGTAAGTAC-1-MantonBM6,39,0.8637419739803857,0.94902195494963,B naive,0.94902195494963,597,595,1286.0,3.9657853,0.035320088300220744,False
139,TATCTCATCCGCAGTG-1-MantonBM7,39,0.8637453956582265,0.9463276835211131,B naive,0.9463276835211131,437,436,1120.0,1.9642857,0.01022090339597758,False
140,CCTCTGAGTCAAGCGA-1-MantonBM8,39,0.863778246512834,0.9430639739765795,B naive,0.9430639739765795,584,583,1510.0,1.192053,0.07835820895522388,False
141,GACACGCAGACAGAGA-1-MantonBM1,39,0.8637790585551377,0.9469848490064252,B naive,0.9469848490064252,698,698,1800.0,2.9444444,0.05358490566037736,False
142,GATCGATAGTGGGCTA-1-MantonBM7,39,0.8638086809668073,0.944314072899798,B naive,0.944314072899798,557,557,1222.0,3.4369886,0.047493403693931395,False
143,TAGCCGGCACGAAACG-1-MantonBM7,39,0.8638941478745689,0.9498444014096977,B naive,0.9498444014096977,663,663,1796.0,1.6703787,0.10588235294117652,False
144,CGCTATCTCCCGGATG-1-MantonBM7,39,0.8639241809056852,0.9422574125018244,B naive,0.9422574125018244,418,417,805.0,2.1118014,0.006535947712418303,False
145,CCTTACGCAGGCAGTA-1-MantonBM4,39,0.8639466182060012,0.9497362660374997,B naive,0.9497362660374997,593,593,1317.0,3.4927866,0.028084252758274822,False
146,ATTCTACCATAAAGGT-1-MantonBM2,39,0.8639474370048219,0.9513148208001543,B naive,0.9513148208001543,758,758,1722.0,2.4970963,0.07733812949640284,False
147,TCGGTAATCTGTCCGT-1-MantonBM7,39,0.8640160477853865,0.9497608812431962,B naive,0.9497608812431962,488,488,1124.0,2.9359431,0.016608729239088453,False
148,AAAGCAAGTCAGAGGT-1-MantonBM7,39,0.8640546659043308,0.9486242767448549,B naive,0.9486242767448549,555,555,1205.0,2.6556017,0.060278207109737254,False
149,ACGATGTTCACCAGGC-1-MantonBM2,39,0.8641103723269019,0.9494079228461518,B naive,0.9494079228461518,793,793,2144.0,2.1455224,0.08891108891108894,False
150,ATTACTCGTTGTGGAG-1-MantonBM6,39,0.8641281522090265,0.9490458972980382,B naive,0.9490458972980382,652,652,1429.0,3.2190342,0.0393885949441505,False
151,CATCGGGCAGCTTCGG-1-MantonBM2,39,0.8641305539944174,0.9520005650582724,B naive,0.9520005650582724,600,599,1359.0,2.281089,0.05997001499250374,False
152,GTACGTATCCTCCTAG-1-MantonBM8,39,0.8641319061576059,0.9476299762822381,B naive,0.9476299762822381,754,752,2022.0,2.868447,0.09053069719042665,False
153,CATTATCCATGAGCGA-1-MantonBM2,39,0.8642054272703236,0.9496559206653988,B naive,0.9496559206653988,608,607,1334.0,2.9235382,0.05539772727272727,False
154,CGGACGTCAGCAGTTT-1-MantonBM2,39,0.8642186842277291,0.9485914614611549,B naive,0.9485914614611549,417,417,849.0,5.1825676,0.08093023255813954,False
155,CGATGGCGTGCCTTGG-1-MantonBM2,39,0.8645326680449237,0.9474060251724166,B naive,0.9474060251724166,674,672,1551.0,4.0618954,0.015328467153284675,False
156,CTAACTTGTCAATACC-1-MantonBM2,39,0.8646927980970125,0.9488187683267723,B naive,0.9488187683267723,758,758,1759.0,1.989767,0.04259148170365927,False
157,GGGATGACATGTCCTC-1-MantonBM2,39,0.8648659289492304,0.9497800407778914,B naive,0.9497800407778914,680,680,1624.0,4.3719215,0.032093734080489045,False
158,TGAAAGATCGTTTAGG-1-MantonBM7,39,0.8650109280073521,0.9480241021433519,B naive,0.9480241021433519,573,573,1338.0,4.110613,0.02145922746781116,False
159,CCAATCCCACCTCGGA-1-MantonBM7,39,0.8650874542874902,0.9478554271837265,B naive,0.9478554271837265,342,341,592.0,1.8581082,0.022241604884430877,False
160,GCGCGATCAAGCGATG-1-MantonBM7,39,0.8651699562648755,0.9482516249830675,B naive,0.9482516249830675,625,624,1424.0,3.6516852,0.029544316474712073,False
161,CCCATACTCCGTTGTC-1-MantonBM7,39,0.8652266610128393,0.9500255149866192,B naive,0.9500255149866192,415,413,691.0,4.9204054,0.044025157232704414,False
162,CACACCTAGTTCCACA-1-MantonBM7,39,0.8653592030198343,0.9488168561283381,B naive,0.9488168561283381,612,612,1437.0,4.105776,0.044025157232704414,False
163,CTGATAGGTCTGGAGA-1-MantonBM1,39,0.865387040506761,0.9478496862206582,B naive,0.9478496862206582,424,424,679.0,2.503682,0.022907900888265543,False
164,CGACCTTGTGATGCCC-1-MantonBM1,39,0.8654495192633492,0.950306122237497,B naive,0.950306122237497,731,730,1678.0,3.0989273,0.06980961015412511,False
165,GCACTCTCAAGGTTTC-1-MantonBM7,39,0.8655204894740158,0.9487816797273582,B naive,0.9487816797273582,643,643,1560.0,2.5,0.04571796522858984,False
166,CATCAAGGTCATATCG-1-MantonBM7,39,0.8655291090698857,0.9491281096047913,B naive,0.9491281096047913,595,594,1229.0,2.847844,0.02474793767186068,False
167,TCTCATAGTCATCCCT-1-MantonBM4,39,0.8660286472299593,0.9490475720886857,B naive,0.9490475720886857,746,746,1614.0,3.0359356,0.027080256031511568,False
168,AGAGTGGCAAGCGATG-1-MantonBM2,39,0.8660591163527143,0.9518997292860876,B naive,0.9518997292860876,667,666,1458.0,3.8408778,0.05997001499250374,False
169,TATTACCCAAAGGAAG-1-MantonBM1,39,0.8660883505779656,0.9498702781708362,B naive,0.9498702781708362,600,598,1227.0,3.3414834,0.03739445114595898,False
170,TACCTATAGCTTATCG-1-MantonBM7,39,0.8661057570681994,0.9505699739015109,B naive,0.9505699739015109,958,958,2425.0,5.402062,0.05338078291814946,False
171,CCATTCGGTCTCTCTG-1-MantonBM1,39,0.8662787092546298,0.9501412080276336,B naive,0.9501412080276336,605,605,1374.0,2.0378458,0.013740458015267177,False
