source,target,connectivity,source_x,source_y,target_x,target_y
CD8 T memory,T activated,1.0,-3.813998,-2.5246935,-1.5287997,0.24100102
T proliferating,CD4 T memory,0.913551821019363,1.860724,-7.1345763,-5.0274215,1.3288143
T proliferating,NK,0.8663434124576296,1.860724,-7.1345763,-0.46088755,-6.7082677
CD4 T naive,T activated,0.7156457860466747,-2.5576925,3.3781238,-1.5287997,0.24100102
HSPC,Platelet,0.7069863873117872,7.519102,3.7436357,4.016387,2.6119974
HSPC,Pre-B large,0.6984118543488562,7.519102,3.7436357,10.8175125,6.2215757
Monocyte classical,Monocyte non-classical,0.4647783802181362,13.373814,-2.4349484,16.008064,-0.2964678
CD4 T memory,T activated,0.3955746749182356,-5.0274215,1.3288143,-1.5287997,0.24100102
Granulocyte precursor,Dendritic cell,0.3783639336016097,10.112754,0.124386355,12.988015,1.7718506
CD8 T cytotoxic,NK,0.3186639176069278,-2.2784321,-4.7626357,-0.46088755,-6.7082677
HSPC,Granulocyte precursor,0.3038926002055498,7.519102,3.7436357,10.112754,0.124386355
Dendritic cell,Plasmacytoid DC,0.2855639518931772,12.988015,1.7718506,7.554278,6.9076924
Dendritic cell,Monocyte non-classical,0.2494082837759074,12.988015,1.7718506,16.008064,-0.2964678
Pre-B large,Pre-B small,0.228009073316781,10.8175125,6.2215757,9.540413,10.31037
Erythroid early,Erythroid late,0.2027297288644206,6.7905955,-3.1913927,4.451617,-1.5419003
Platelet,Erythroid late,0.1562383112975882,4.016387,2.6119974,4.451617,-1.5419003
T activated,Plasmacytoid DC,0.1373248999428244,-1.5287997,0.24100102,7.554278,6.9076924
Pre-B small,B naive,0.037824186586824,9.540413,10.31037,5.8055997,12.384889
