cell_type,cells,umap_1,umap_2,median_pseudotime,mean_entropy
HSPC,973,7.519102,3.7436357,0.1293674851549076,0.9988358526679015
T proliferating,47,1.860724,-7.1345763,0.4039023291833152,0.7519255674733596
Granulocyte precursor,926,10.112754,0.124386355,0.5295933955586016,0.7020652332704435
CD8 T memory,2977,-3.813998,-2.5246935,0.579843290876116,0.12128433488141503
Dendritic cell,497,12.988015,1.7718506,0.5845755920418334,0.7010298380206254
CD4 T naive,10765,-2.5576925,3.3781238,0.5889326234894415,0.21631517128812563
CD4 T memory,2713,-5.0274215,1.3288143,0.5943321080922673,0.2134124987449976
Platelet,103,4.016387,2.6119974,0.5952721649779023,0.30344973016339055
T activated,583,-1.5287997,0.24100102,0.5985087050022236,0.20173268580065723
Erythroid early,1151,6.7905955,-3.1913927,0.6222653543202415,0.8396082727027298
CD8 T cytotoxic,2307,-2.2784321,-4.7626357,0.6673560433563182,0.06780946731101542
Erythroid late,597,4.451617,-1.5419003,0.6733994061101033,0.8033272628333892
NK,2153,-0.46088755,-6.7082677,0.7096124123194646,0.02986172844420183
Pre-B large,334,10.8175125,6.2215757,0.7209750107243438,1.0023746050179505
Monocyte classical,5030,13.373814,-2.4349484,0.733602404762026,0.12554361600365851
Monocyte non-classical,901,16.008064,-0.2964678,0.7438406688989128,0.2379640200289936
Pre-B small,1025,9.540413,10.31037,0.8317630801033095,0.5160194030623853
B naive,5018,5.8055997,12.384889,0.8467365307365189,0.0422514046706283
Plasmacytoid DC,330,7.554278,6.9076924,0.856862927791345,1.08789230179911
